status,strategy_id,policy_id,problem,instance,final_cost,gap,time,original_time,runtime_scale,runtime_scale_basis,source_tree,source_run,source_csv
ok,lehd_rrc,nearest,tsp,wi29,29337.000000,6.281926,4.542377,4.542377,1,server-measured,server,20260504_165004_033654,results_server/results/20260504_165004_033654/results.csv
ok,STAR,sil,tsp,portcgen-1000-1000,12425336.000000,9.114489,1.729780,1.729780,1,server-measured,server,20260504_165518_615587,results_server/results/20260504_165518_615587/results.csv
ok,STAR,sil,tsp,portcgen-1000-10001,12371288.000000,8.741990,1.392899,1.392899,1,server-measured,server,20260504_165518_615587,results_server/results/20260504_165518_615587/results.csv
ok,STAR,sil,tsp,portcgen-1000-10002,11960450.000000,10.183451,1.444784,1.444784,1,server-measured,server,20260504_165518_615587,results_server/results/20260504_165518_615587/results.csv
ok,STAR,sil,tsp,portcgen-1000-10003,13003558.000000,9.398099,1.688721,1.688721,1,server-measured,server,20260504_165518_615587,results_server/results/20260504_165518_615587/results.csv
ok,STAR,sil,tsp,portcgen-1000-10004,12616089.000000,9.705522,1.593504,1.593504,1,server-measured,server,20260504_165518_615587,results_server/results/20260504_165518_615587/results.csv
ok,STAR,sil,tsp,portcgen-1000-1000,11505104.000000,1.033367,30.468891,30.468891,1,server-measured,server,medium-main,results_server/results/medium-main/results.csv
ok,STAR,sil,tsp,portcgen-1000-10001,11446751.000000,0.615431,32.154063,32.154063,1,server-measured,server,medium-main,results_server/results/medium-main/results.csv
ok,STAR,sil,tsp,portcgen-1000-10002,11238136.000000,3.529266,32.012968,32.012968,1,server-measured,server,medium-main,results_server/results/medium-main/results.csv
ok,STAR,sil,tsp,portcgen-1000-10003,12041477.000000,1.304173,34.252937,34.252937,1,server-measured,server,medium-main,results_server/results/medium-main/results.csv
ok,STAR,sil,tsp,portcgen-1000-10004,11617450.000000,1.021673,31.655408,31.655408,1,server-measured,server,medium-main,results_server/results/medium-main/results.csv
ok,STAR,sil,tsp,portcgen-1000-10005,11525820.000000,1.148837,32.402734,32.402734,1,server-measured,server,medium-main,results_server/results/medium-main/results.csv
ok,STAR,sil,tsp,portcgen-1000-10006,10419727.000000,2.488772,27.160869,27.160869,1,server-measured,server,medium-main,results_server/results/medium-main/results.csv
ok,STAR,sil,tsp,portcgen-1000-10007,10735980.000000,0.668751,34.260023,34.260023,1,server-measured,server,medium-main,results_server/results/medium-main/results.csv
ok,STAR,sil,tsp,portcgen-1000-10008,11683721.000000,0.672065,29.271349,29.271349,1,server-measured,server,medium-main,results_server/results/medium-main/results.csv
ok,STAR,sil,tsp,portcgen-1000-10009,11081736.000000,1.602082,32.145350,32.145350,1,server-measured,server,medium-main,results_server/results/medium-main/results.csv
ok,STAR,sil,tsp,portcgen-3162-3162,20018228.000000,4.271065,58.050604,58.050604,1,server-measured,server,medium-main,results_server/results/medium-main/results.csv
ok,STAR,sil,tsp,portcgen-3162-31621,20347807.000000,6.993457,57.912172,57.912172,1,server-measured,server,medium-main,results_server/results/medium-main/results.csv
ok,STAR,sil,tsp,portcgen-3162-31622,20468752.000000,4.712616,56.434602,56.434602,1,server-measured,server,medium-main,results_server/results/medium-main/results.csv
ok,STAR,sil,tsp,portcgen-3162-31623,20620428.000000,7.912287,51.795579,51.795579,1,server-measured,server,medium-main,results_server/results/medium-main/results.csv
ok,STAR,sil,tsp,portcgen-3162-31624,20212314.000000,7.147290,59.457976,59.457976,1,server-measured,server,medium-main,results_server/results/medium-main/results.csv
ok,STAR,sil,tsp,ar9152,890783.000000,6.364816,125.319443,125.319443,1,server-measured,server,medium-main,results_server/results/medium-main/results.csv
ok,STAR,sil,tsp,ca4663,1342090.000000,4.012264,74.574681,74.574681,1,server-measured,server,medium-main,results_server/results/medium-main/results.csv
ok,STAR,sil,tsp,eg7146,181469.000000,5.268989,111.700458,111.700458,1,server-measured,server,medium-main,results_server/results/medium-main/results.csv
ok,STAR,sil,tsp,ei8246,221681.000000,7.522881,78.248307,78.248307,1,server-measured,server,medium-main,results_server/results/medium-main/results.csv
ok,STAR,sil,tsp,gr9882,326334.000000,8.453003,111.219130,111.219130,1,server-measured,server,medium-main,results_server/results/medium-main/results.csv
ok,STAR,sil,tsp,ja9847,528014.000000,7.336499,93.790917,93.790917,1,server-measured,server,medium-main,results_server/results/medium-main/results.csv
ok,STAR,sil,tsp,kz9976,1144605.000000,7.790327,136.893814,136.893814,1,server-measured,server,medium-main,results_server/results/medium-main/results.csv
ok,STAR,sil,tsp,mu1979,88162.000000,1.462752,34.255801,34.255801,1,server-measured,server,medium-main,results_server/results/medium-main/results.csv
ok,STAR,sil,tsp,nu3496,99488.000000,3.491033,43.826792,43.826792,1,server-measured,server,medium-main,results_server/results/medium-main/results.csv
ok,STAR,sil,tsp,pm8079,124597.000000,8.481999,88.574903,88.574903,1,server-measured,server,medium-main,results_server/results/medium-main/results.csv
ok,STAR,sil,tsp,rw1621,26438.000000,1.485548,24.087192,24.087192,1,server-measured,server,medium-main,results_server/results/medium-main/results.csv
ok,STAR,sil,tsp,tz6117,420082.000000,6.425853,77.434433,77.434433,1,server-measured,server,medium-main,results_server/results/medium-main/results.csv
ok,STAR,sil,tsp,ym7663,253899.000000,6.539691,84.748187,84.748187,1,server-measured,server,medium-main,results_server/results/medium-main/results.csv
ok,STAR,sil,tsp,dsj1000,18818779.000000,0.849890,34.796355,34.796355,1,server-measured,server,medium-main,results_server/results/medium-main/results.csv
ok,STAR,sil,tsp,pla7397,24508292.000000,5.363392,134.125339,134.125339,1,server-measured,server,medium-main,results_server/results/medium-main/results.csv
ok,STAR,sil,tsp,d1291,52016.000000,2.391685,80.112426,80.112426,1,server-measured,server,medium-main,results_server/results/medium-main/results.csv
ok,STAR,sil,tsp,d1655,63532.000000,2.259851,61.024619,61.024619,1,server-measured,server,medium-main,results_server/results/medium-main/results.csv
ok,STAR,sil,tsp,d2103,80985.000000,0.665009,81.538886,81.538886,1,server-measured,server,medium-main,results_server/results/medium-main/results.csv
ok,STAR,sil,tsp,fl1400,20393.000000,1.321608,37.087509,37.087509,1,server-measured,server,medium-main,results_server/results/medium-main/results.csv
ok,STAR,sil,tsp,fl1577,22710.000000,2.072003,139.577896,139.577896,1,server-measured,server,medium-main,results_server/results/medium-main/results.csv
ok,STAR,sil,tsp,fl3795,29930.000000,4.024746,437.701358,437.701358,1,server-measured,server,medium-main,results_server/results/medium-main/results.csv
ok,STAR,sil,tsp,fnl4461,190461.000000,4.324463,72.240961,72.240961,1,server-measured,server,medium-main,results_server/results/medium-main/results.csv
ok,STAR,sil,tsp,nrw1379,57863.000000,2.162859,33.689135,33.689135,1,server-measured,server,medium-main,results_server/results/medium-main/results.csv
ok,STAR,sil,tsp,pcb1173,58353.000000,2.568024,38.482708,38.482708,1,server-measured,server,medium-main,results_server/results/medium-main/results.csv
ok,STAR,sil,tsp,pcb3038,142719.000000,3.649396,55.952969,55.952969,1,server-measured,server,medium-main,results_server/results/medium-main/results.csv
ok,STAR,sil,tsp,pr1002,263140.000000,1.580806,32.316848,32.316848,1,server-measured,server,medium-main,results_server/results/medium-main/results.csv
ok,STAR,sil,tsp,pr2392,388802.000000,2.848965,50.787294,50.787294,1,server-measured,server,medium-main,results_server/results/medium-main/results.csv
ok,STAR,sil,tsp,rl1304,261184.000000,3.256005,84.044537,84.044537,1,server-measured,server,medium-main,results_server/results/medium-main/results.csv
ok,STAR,sil,tsp,rl1323,275872.000000,2.099564,99.586160,99.586160,1,server-measured,server,medium-main,results_server/results/medium-main/results.csv
ok,STAR,sil,tsp,rl1889,322500.000000,1.884146,100.454148,100.454148,1,server-measured,server,medium-main,results_server/results/medium-main/results.csv
ok,STAR,sil,tsp,rl5915,583303.000000,3.142716,284.696041,284.696041,1,server-measured,server,medium-main,results_server/results/medium-main/results.csv
ok,STAR,sil,tsp,rl5934,571899.000000,2.851208,262.414574,262.414574,1,server-measured,server,medium-main,results_server/results/medium-main/results.csv
ok,STAR,sil,tsp,u1060,227208.000000,1.389595,38.060741,38.060741,1,server-measured,server,medium-main,results_server/results/medium-main/results.csv
ok,STAR,sil,tsp,u1432,155479.000000,1.640191,30.357009,30.357009,1,server-measured,server,medium-main,results_server/results/medium-main/results.csv
ok,STAR,sil,tsp,u1817,58455.000000,2.192269,75.750852,75.750852,1,server-measured,server,medium-main,results_server/results/medium-main/results.csv
ok,STAR,sil,tsp,u2152,65378.000000,1.750891,75.188830,75.188830,1,server-measured,server,medium-main,results_server/results/medium-main/results.csv
ok,STAR,sil,tsp,u2319,237078.000000,1.204665,32.446470,32.446470,1,server-measured,server,medium-main,results_server/results/medium-main/results.csv
ok,STAR,sil,tsp,vm1084,242897.000000,1.504407,112.067074,112.067074,1,server-measured,server,medium-main,results_server/results/medium-main/results.csv
ok,STAR,sil,tsp,vm1748,342217.000000,1.682038,193.393545,193.393545,1,server-measured,server,medium-main,results_server/results/medium-main/results.csv
ok,STAR,sil,tsp,bch2762,8515.000000,3.412679,66.512704,66.512704,1,server-measured,server,medium-main,results_server/results/medium-main/results.csv
ok,STAR,sil,tsp,bck2217,6908.000000,2.128918,48.150518,48.150518,1,server-measured,server,medium-main,results_server/results/medium-main/results.csv
ok,STAR,sil,tsp,beg3293,10116.000000,3.520262,116.613465,116.613465,1,server-measured,server,medium-main,results_server/results/medium-main/results.csv
ok,STAR,sil,tsp,bgb4355,13297.000000,4.511515,95.636420,95.636420,1,server-measured,server,medium-main,results_server/results/medium-main/results.csv
ok,STAR,sil,tsp,bgd4396,13506.000000,3.820432,128.342904,128.342904,1,server-measured,server,medium-main,results_server/results/medium-main/results.csv
ok,STAR,sil,tsp,bgf4475,13730.000000,3.849936,155.870503,155.870503,1,server-measured,server,medium-main,results_server/results/medium-main/results.csv
ok,STAR,sil,tsp,bnd7168,23350.000000,6.943299,160.924537,160.924537,1,server-measured,server,medium-main,results_server/results/medium-main/results.csv
ok,STAR,sil,tsp,bva2144,6445.000000,2.236675,48.996493,48.996493,1,server-measured,server,medium-main,results_server/results/medium-main/results.csv
ok,STAR,sil,tsp,dbj2924,10444.000000,3.120063,86.176453,86.176453,1,server-measured,server,medium-main,results_server/results/medium-main/results.csv
ok,STAR,sil,tsp,dca1389,5158.000000,1.435595,49.192915,49.192915,1,server-measured,server,medium-main,results_server/results/medium-main/results.csv
ok,STAR,sil,tsp,dcb2086,6746.000000,2.212121,49.642034,49.642034,1,server-measured,server,medium-main,results_server/results/medium-main/results.csv
ok,STAR,sil,tsp,dcc1911,6521.000000,1.954346,44.687426,44.687426,1,server-measured,server,medium-main,results_server/results/medium-main/results.csv
ok,STAR,sil,tsp,dea2382,8152.000000,1.683922,79.733870,79.733870,1,server-measured,server,medium-main,results_server/results/medium-main/results.csv
ok,STAR,sil,tsp,dga9698,29607.000000,6.791949,278.502308,278.502308,1,server-measured,server,medium-main,results_server/results/medium-main/results.csv
ok,STAR,sil,tsp,dhb3386,11556.000000,3.762234,76.306375,76.306375,1,server-measured,server,medium-main,results_server/results/medium-main/results.csv
ok,STAR,sil,tsp,dja1436,5364.000000,2.035381,40.250126,40.250126,1,server-measured,server,medium-main,results_server/results/medium-main/results.csv
ok,STAR,sil,tsp,djb2036,6385.000000,3.033726,53.108235,53.108235,1,server-measured,server,medium-main,results_server/results/medium-main/results.csv
ok,STAR,sil,tsp,djc1785,6296.000000,2.959935,45.416936,45.416936,1,server-measured,server,medium-main,results_server/results/medium-main/results.csv
ok,STAR,sil,tsp,dka1376,4754.000000,1.885984,41.315060,41.315060,1,server-measured,server,medium-main,results_server/results/medium-main/results.csv
ok,STAR,sil,tsp,dkc3938,12995.000000,3.935056,76.491203,76.491203,1,server-measured,server,medium-main,results_server/results/medium-main/results.csv
ok,STAR,sil,tsp,dkd1973,6577.000000,2.429528,50.051565,50.051565,1,server-measured,server,medium-main,results_server/results/medium-main/results.csv
ok,STAR,sil,tsp,dke3097,10849.000000,2.941456,86.840678,86.840678,1,server-measured,server,medium-main,results_server/results/medium-main/results.csv
ok,STAR,sil,tsp,dkf3954,13124.000000,4.673792,77.054760,77.054760,1,server-measured,server,medium-main,results_server/results/medium-main/results.csv
ok,STAR,sil,tsp,dlb3694,11465.000000,4.617210,75.816385,75.816385,1,server-measured,server,medium-main,results_server/results/medium-main/results.csv
ok,STAR,sil,tsp,fdp3256,10391.000000,3.826938,124.939989,124.939989,1,server-measured,server,medium-main,results_server/results/medium-main/results.csv
ok,STAR,sil,tsp,fea5557,16246.000000,5.186144,293.472494,293.472494,1,server-measured,server,medium-main,results_server/results/medium-main/results.csv
ok,STAR,sil,tsp,fjr3672,9986.000000,4.009999,63.308714,63.308714,1,server-measured,server,medium-main,results_server/results/medium-main/results.csv
ok,STAR,sil,tsp,fjs3649,9622.000000,3.774806,65.156837,65.156837,1,server-measured,server,medium-main,results_server/results/medium-main/results.csv
ok,STAR,sil,tsp,fnb1615,5073.000000,2.360775,37.550792,37.550792,1,server-measured,server,medium-main,results_server/results/medium-main/results.csv
ok,STAR,sil,tsp,fqm5087,13757.000000,5.587535,69.503519,69.503519,1,server-measured,server,medium-main,results_server/results/medium-main/results.csv
ok,STAR,sil,tsp,fra1488,4360.000000,2.251407,58.788581,58.788581,1,server-measured,server,medium-main,results_server/results/medium-main/results.csv
ok,STAR,sil,tsp,frv4410,11193.000000,4.500047,107.927980,107.927980,1,server-measured,server,medium-main,results_server/results/medium-main/results.csv
ok,STAR,sil,tsp,icw1483,4521.000000,2.377717,46.383774,46.383774,1,server-measured,server,medium-main,results_server/results/medium-main/results.csv
ok,STAR,sil,tsp,ida8197,23980.000000,7.350703,168.949397,168.949397,1,server-measured,server,medium-main,results_server/results/medium-main/results.csv
ok,STAR,sil,tsp,irw2802,8606.000000,2.172623,85.417886,85.417886,1,server-measured,server,medium-main,results_server/results/medium-main/results.csv
ok,STAR,sil,tsp,lap7454,20646.000000,5.687228,342.540254,342.540254,1,server-measured,server,medium-main,results_server/results/medium-main/results.csv
ok,STAR,sil,tsp,ley2323,8489.000000,1.640326,135.775450,135.775450,1,server-measured,server,medium-main,results_server/results/medium-main/results.csv
ok,STAR,sil,tsp,lsm2854,8283.000000,3.356626,59.896725,59.896725,1,server-measured,server,medium-main,results_server/results/medium-main/results.csv
ok,STAR,sil,tsp,lsn3119,9416.000000,3.313583,71.145284,71.145284,1,server-measured,server,medium-main,results_server/results/medium-main/results.csv
ok,STAR,sil,tsp,lta3140,9911.000000,4.139960,66.479817,66.479817,1,server-measured,server,medium-main,results_server/results/medium-main/results.csv
ok,STAR,sil,tsp,ltb3729,12293.000000,3.992894,102.800419,102.800419,1,server-measured,server,medium-main,results_server/results/medium-main/results.csv
ok,STAR,sil,tsp,mlt2597,8316.000000,3.035559,69.155673,69.155673,1,server-measured,server,medium-main,results_server/results/medium-main/results.csv
ok,STAR,sil,tsp,pds2566,7854.000000,2.760696,82.425412,82.425412,1,server-measured,server,medium-main,results_server/results/medium-main/results.csv
ok,STAR,sil,tsp,pia3056,8575.000000,3.838702,60.193024,60.193024,1,server-measured,server,medium-main,results_server/results/medium-main/results.csv
ok,STAR,sil,tsp,rbv1583,5476.000000,1.652125,49.203842,49.203842,1,server-measured,server,medium-main,results_server/results/medium-main/results.csv
ok,STAR,sil,tsp,rbw2481,7966.000000,3.133092,74.912401,74.912401,1,server-measured,server,medium-main,results_server/results/medium-main/results.csv
ok,STAR,sil,tsp,rby1599,5640.000000,1.933851,44.859339,44.859339,1,server-measured,server,medium-main,results_server/results/medium-main/results.csv
ok,STAR,sil,tsp,xit1083,3640.000000,2.304666,34.236204,34.236204,1,server-measured,server,medium-main,results_server/results/medium-main/results.csv
ok,STAR,sil,tsp,xpr2308,7393.000000,2.410306,59.932452,59.932452,1,server-measured,server,medium-main,results_server/results/medium-main/results.csv
ok,STAR,sil,tsp,xqc2175,7043.000000,3.118594,47.939902,47.939902,1,server-measured,server,medium-main,results_server/results/medium-main/results.csv
ok,STAR,sil,tsp,xqd4966,16213.000000,5.856621,67.189047,67.189047,1,server-measured,server,medium-main,results_server/results/medium-main/results.csv
ok,STAR,sil,tsp,xqe3891,12391.000000,3.301376,92.157526,92.157526,1,server-measured,server,medium-main,results_server/results/medium-main/results.csv
ok,STAR,sil,tsp,xsc6880,22859.000000,6.148131,218.813852,218.813852,1,server-measured,server,medium-main,results_server/results/medium-main/results.csv
ok,STAR,sil,tsp,xua3937,11763.000000,4.662337,96.318698,96.318698,1,server-measured,server,medium-main,results_server/results/medium-main/results.csv
ok,STAR,sil,tsp,xva2993,8758.000000,3.132360,84.971415,84.971415,1,server-measured,server,medium-main,results_server/results/medium-main/results.csv
ok,STAR,sil,cvrp,Antwerp1,499904.000000,4.740853,798.733019,798.733019,1,server-measured,server,medium-main,results_server/results/medium-main/results.csv
ok,STAR,sil,cvrp,Antwerp2,310102.000000,6.436245,1712.288891,1712.288891,1,server-measured,server,medium-main,results_server/results/medium-main/results.csv
ok,STAR,sil,cvrp,Leuven1,200179.000000,3.801439,380.904715,380.904715,1,server-measured,server,medium-main,results_server/results/medium-main/results.csv
ok,STAR,sil,cvrp,Leuven2,117517.000000,5.495758,1337.032368,1337.032368,1,server-measured,server,medium-main,results_server/results/medium-main/results.csv
ok,STAR,sil,cvrp,X-n1001-k43,74754.000000,3.315597,197.935175,197.935175,1,server-measured,server,medium-main,results_server/results/medium-main/results.csv
ok,STAR,sil,tsp,portcgen-1000-1000,11469489.000000,0.720610,21.656692,21.656692,1,server-measured,server,medium-sampling,results_server/results/medium-sampling/results.csv
ok,STAR,sil,tsp,portcgen-1000-10001,11461012.000000,0.740784,22.088371,22.088371,1,server-measured,server,medium-sampling,results_server/results/medium-sampling/results.csv
ok,STAR,sil,tsp,portcgen-1000-10002,11218373.000000,3.347203,23.849369,23.849369,1,server-measured,server,medium-sampling,results_server/results/medium-sampling/results.csv
ok,STAR,sil,tsp,portcgen-1000-10003,11922640.000000,0.304405,23.231146,23.231146,1,server-measured,server,medium-sampling,results_server/results/medium-sampling/results.csv
ok,STAR,sil,tsp,portcgen-1000-10004,11699160.000000,1.732198,22.985855,22.985855,1,server-measured,server,medium-sampling,results_server/results/medium-sampling/results.csv
ok,STAR,sil,tsp,portcgen-1000-10005,11629630.000000,2.059858,20.956181,20.956181,1,server-measured,server,medium-sampling,results_server/results/medium-sampling/results.csv
ok,STAR,sil,tsp,portcgen-1000-10006,10393670.000000,2.232474,19.836467,19.836467,1,server-measured,server,medium-sampling,results_server/results/medium-sampling/results.csv
ok,STAR,sil,tsp,portcgen-1000-10007,10766895.000000,0.958633,23.832563,23.832563,1,server-measured,server,medium-sampling,results_server/results/medium-sampling/results.csv
ok,STAR,sil,tsp,portcgen-1000-10008,11756932.000000,1.302883,21.813800,21.813800,1,server-measured,server,medium-sampling,results_server/results/medium-sampling/results.csv
ok,STAR,sil,tsp,portcgen-1000-10009,11019163.000000,1.028386,23.754146,23.754146,1,server-measured,server,medium-sampling,results_server/results/medium-sampling/results.csv
ok,STAR,sil,tsp,portcgen-3162-3162,20003634.000000,4.195047,25.394183,25.394183,1,server-measured,server,medium-sampling,results_server/results/medium-sampling/results.csv
ok,STAR,sil,tsp,portcgen-3162-31621,20299746.000000,6.740741,25.450709,25.450709,1,server-measured,server,medium-sampling,results_server/results/medium-sampling/results.csv
ok,STAR,sil,tsp,portcgen-3162-31622,20647985.000000,5.629524,25.550115,25.550115,1,server-measured,server,medium-sampling,results_server/results/medium-sampling/results.csv
ok,STAR,sil,tsp,portcgen-3162-31623,20522907.000000,7.401933,25.200117,25.200117,1,server-measured,server,medium-sampling,results_server/results/medium-sampling/results.csv
ok,STAR,sil,tsp,portcgen-3162-31624,20194901.000000,7.054982,26.444516,26.444516,1,server-measured,server,medium-sampling,results_server/results/medium-sampling/results.csv
ok,STAR,sil,tsp,ar9152,889642.000000,6.228574,48.593402,48.593402,1,server-measured,server,medium-sampling,results_server/results/medium-sampling/results.csv
ok,STAR,sil,tsp,ca4663,1340379.000000,3.879661,31.148958,31.148958,1,server-measured,server,medium-sampling,results_server/results/medium-sampling/results.csv
ok,STAR,sil,tsp,eg7146,181682.000000,5.392549,40.780404,40.780404,1,server-measured,server,medium-sampling,results_server/results/medium-sampling/results.csv
ok,STAR,sil,tsp,ei8246,221247.000000,7.312377,38.499530,38.499530,1,server-measured,server,medium-sampling,results_server/results/medium-sampling/results.csv
ok,STAR,sil,tsp,gr9882,326732.000000,8.585273,47.190586,47.190586,1,server-measured,server,medium-sampling,results_server/results/medium-sampling/results.csv
ok,STAR,sil,tsp,ja9847,531407.000000,8.026240,45.282012,45.282012,1,server-measured,server,medium-sampling,results_server/results/medium-sampling/results.csv
ok,STAR,sil,tsp,kz9976,1151675.000000,8.456126,49.875741,49.875741,1,server-measured,server,medium-sampling,results_server/results/medium-sampling/results.csv
ok,STAR,sil,tsp,mu1979,87895.000000,1.155471,17.386890,17.386890,1,server-measured,server,medium-sampling,results_server/results/medium-sampling/results.csv
ok,STAR,sil,tsp,nu3496,99697.000000,3.708443,21.337848,21.337848,1,server-measured,server,medium-sampling,results_server/results/medium-sampling/results.csv
ok,STAR,sil,tsp,pm8079,124246.000000,8.176396,39.447464,39.447464,1,server-measured,server,medium-sampling,results_server/results/medium-sampling/results.csv
ok,STAR,sil,tsp,rw1621,26717.000000,2.556524,14.982059,14.982059,1,server-measured,server,medium-sampling,results_server/results/medium-sampling/results.csv
ok,STAR,sil,tsp,tz6117,420215.000000,6.459548,34.208416,34.208416,1,server-measured,server,medium-sampling,results_server/results/medium-sampling/results.csv
ok,STAR,sil,tsp,ym7663,253952.000000,6.561931,38.559412,38.559412,1,server-measured,server,medium-sampling,results_server/results/medium-sampling/results.csv
ok,STAR,sil,tsp,dsj1000,18919952.000000,1.392076,24.582341,24.582341,1,server-measured,server,medium-sampling,results_server/results/medium-sampling/results.csv
ok,STAR,sil,tsp,pla7397,24439575.000000,5.067971,47.640148,47.640148,1,server-measured,server,medium-sampling,results_server/results/medium-sampling/results.csv
ok,STAR,sil,tsp,d1291,52178.000000,2.710577,44.607562,44.607562,1,server-measured,server,medium-sampling,results_server/results/medium-sampling/results.csv
ok,STAR,sil,tsp,d1655,63302.000000,1.889647,33.810569,33.810569,1,server-measured,server,medium-sampling,results_server/results/medium-sampling/results.csv
ok,STAR,sil,tsp,d2103,81070.000000,0.770665,42.366171,42.366171,1,server-measured,server,medium-sampling,results_server/results/medium-sampling/results.csv
ok,STAR,sil,tsp,fl1400,20278.000000,0.750236,22.245045,22.245045,1,server-measured,server,medium-sampling,results_server/results/medium-sampling/results.csv
ok,STAR,sil,tsp,fl1577,22791.000000,2.436065,56.668007,56.668007,1,server-measured,server,medium-sampling,results_server/results/medium-sampling/results.csv
ok,STAR,sil,tsp,fl3795,30040.000000,4.407062,128.487211,128.487211,1,server-measured,server,medium-sampling,results_server/results/medium-sampling/results.csv
ok,STAR,sil,tsp,fnl4461,190230.000000,4.197934,31.241286,31.241286,1,server-measured,server,medium-sampling,results_server/results/medium-sampling/results.csv
ok,STAR,sil,tsp,nrw1379,57646.000000,1.779724,20.071139,20.071139,1,server-measured,server,medium-sampling,results_server/results/medium-sampling/results.csv
ok,STAR,sil,tsp,pcb1173,58190.000000,2.281516,32.330051,32.330051,1,server-measured,server,medium-sampling,results_server/results/medium-sampling/results.csv
ok,STAR,sil,tsp,pcb3038,141626.000000,2.855607,28.823082,28.823082,1,server-measured,server,medium-sampling,results_server/results/medium-sampling/results.csv
ok,STAR,sil,tsp,pr1002,262244.000000,1.234921,23.896485,23.896485,1,server-measured,server,medium-sampling,results_server/results/medium-sampling/results.csv
ok,STAR,sil,tsp,pr2392,389156.000000,2.942608,27.717689,27.717689,1,server-measured,server,medium-sampling,results_server/results/medium-sampling/results.csv
ok,STAR,sil,tsp,rl1304,261937.000000,3.553695,40.689777,40.689777,1,server-measured,server,medium-sampling,results_server/results/medium-sampling/results.csv
ok,STAR,sil,tsp,rl1323,276381.000000,2.287943,64.155822,64.155822,1,server-measured,server,medium-sampling,results_server/results/medium-sampling/results.csv
ok,STAR,sil,tsp,rl1889,325213.000000,2.741236,41.718940,41.718940,1,server-measured,server,medium-sampling,results_server/results/medium-sampling/results.csv
ok,STAR,sil,tsp,rl5915,584194.000000,3.300267,70.347877,70.347877,1,server-measured,server,medium-sampling,results_server/results/medium-sampling/results.csv
ok,STAR,sil,tsp,rl5934,576740.000000,3.721821,65.833769,65.833769,1,server-measured,server,medium-sampling,results_server/results/medium-sampling/results.csv
ok,STAR,sil,tsp,u1060,227893.000000,1.695271,28.077732,28.077732,1,server-measured,server,medium-sampling,results_server/results/medium-sampling/results.csv
ok,STAR,sil,tsp,u1432,155000.000000,1.327058,18.444699,18.444699,1,server-measured,server,medium-sampling,results_server/results/medium-sampling/results.csv
ok,STAR,sil,tsp,u1817,58538.000000,2.337372,56.103529,56.103529,1,server-measured,server,medium-sampling,results_server/results/medium-sampling/results.csv
ok,STAR,sil,tsp,u2152,65369.000000,1.736884,51.731925,51.731925,1,server-measured,server,medium-sampling,results_server/results/medium-sampling/results.csv
ok,STAR,sil,tsp,u2319,236734.000000,1.057817,19.124419,19.124419,1,server-measured,server,medium-sampling,results_server/results/medium-sampling/results.csv
ok,STAR,sil,tsp,vm1084,241704.000000,1.005863,73.958026,73.958026,1,server-measured,server,medium-sampling,results_server/results/medium-sampling/results.csv
ok,STAR,sil,tsp,vm1748,341930.000000,1.596763,58.950797,58.950797,1,server-measured,server,medium-sampling,results_server/results/medium-sampling/results.csv
ok,STAR,sil,tsp,bch2762,8537.000000,3.679864,31.169604,31.169604,1,server-measured,server,medium-sampling,results_server/results/medium-sampling/results.csv
ok,STAR,sil,tsp,bck2217,6931.000000,2.468953,24.924658,24.924658,1,server-measured,server,medium-sampling,results_server/results/medium-sampling/results.csv
ok,STAR,sil,tsp,beg3293,10076.000000,3.110929,57.520556,57.520556,1,server-measured,server,medium-sampling,results_server/results/medium-sampling/results.csv
ok,STAR,sil,tsp,bgb4355,13319.000000,4.684430,35.299951,35.299951,1,server-measured,server,medium-sampling,results_server/results/medium-sampling/results.csv
ok,STAR,sil,tsp,bgd4396,13575.000000,4.350834,46.920370,46.920370,1,server-measured,server,medium-sampling,results_server/results/medium-sampling/results.csv
ok,STAR,sil,tsp,bgf4475,13698.000000,3.607897,48.693928,48.693928,1,server-measured,server,medium-sampling,results_server/results/medium-sampling/results.csv
ok,STAR,sil,tsp,bnd7168,23336.000000,6.879179,49.747273,49.747273,1,server-measured,server,medium-sampling,results_server/results/medium-sampling/results.csv
ok,STAR,sil,tsp,bva2144,6469.000000,2.617386,26.546681,26.546681,1,server-measured,server,medium-sampling,results_server/results/medium-sampling/results.csv
ok,STAR,sil,tsp,dbj2924,10469.000000,3.366904,33.894031,33.894031,1,server-measured,server,medium-sampling,results_server/results/medium-sampling/results.csv
ok,STAR,sil,tsp,dca1389,5181.000000,1.887906,26.313995,26.313995,1,server-measured,server,medium-sampling,results_server/results/medium-sampling/results.csv
ok,STAR,sil,tsp,dcb2086,6809.000000,3.166667,26.441247,26.441247,1,server-measured,server,medium-sampling,results_server/results/medium-sampling/results.csv
ok,STAR,sil,tsp,dcc1911,6542.000000,2.282677,34.815718,34.815718,1,server-measured,server,medium-sampling,results_server/results/medium-sampling/results.csv
ok,STAR,sil,tsp,dea2382,8163.000000,1.821130,33.088549,33.088549,1,server-measured,server,medium-sampling,results_server/results/medium-sampling/results.csv
ok,STAR,sil,tsp,dga9698,29683.000000,7.066080,68.692642,68.692642,1,server-measured,server,medium-sampling,results_server/results/medium-sampling/results.csv
ok,STAR,sil,tsp,dhb3386,11511.000000,3.358175,33.039123,33.039123,1,server-measured,server,medium-sampling,results_server/results/medium-sampling/results.csv
ok,STAR,sil,tsp,dja1436,5332.000000,1.426669,25.163287,25.163287,1,server-measured,server,medium-sampling,results_server/results/medium-sampling/results.csv
ok,STAR,sil,tsp,djb2036,6327.000000,2.097789,26.095091,26.095091,1,server-measured,server,medium-sampling,results_server/results/medium-sampling/results.csv
ok,STAR,sil,tsp,djc1785,6283.000000,2.747343,28.994955,28.994955,1,server-measured,server,medium-sampling,results_server/results/medium-sampling/results.csv
ok,STAR,sil,tsp,dka1376,4767.000000,2.164595,25.669297,25.669297,1,server-measured,server,medium-sampling,results_server/results/medium-sampling/results.csv
ok,STAR,sil,tsp,dkc3938,12960.000000,3.655123,34.632137,34.632137,1,server-measured,server,medium-sampling,results_server/results/medium-sampling/results.csv
ok,STAR,sil,tsp,dkd1973,6576.000000,2.413954,29.766158,29.766158,1,server-measured,server,medium-sampling,results_server/results/medium-sampling/results.csv
ok,STAR,sil,tsp,dke3097,10776.000000,2.248790,38.269442,38.269442,1,server-measured,server,medium-sampling,results_server/results/medium-sampling/results.csv
ok,STAR,sil,tsp,dkf3954,13102.000000,4.498325,34.231594,34.231594,1,server-measured,server,medium-sampling,results_server/results/medium-sampling/results.csv
ok,STAR,sil,tsp,dlb3694,11449.000000,4.471211,31.720556,31.720556,1,server-measured,server,medium-sampling,results_server/results/medium-sampling/results.csv
ok,STAR,sil,tsp,fdp3256,10358.000000,3.497202,47.791555,47.791555,1,server-measured,server,medium-sampling,results_server/results/medium-sampling/results.csv
ok,STAR,sil,tsp,fea5557,16168.000000,4.681127,88.229363,88.229363,1,server-measured,server,medium-sampling,results_server/results/medium-sampling/results.csv
ok,STAR,sil,tsp,fjr3672,9984.000000,3.989168,26.474471,26.474471,1,server-measured,server,medium-sampling,results_server/results/medium-sampling/results.csv
ok,STAR,sil,tsp,fjs3649,9614.000000,3.688525,29.673708,29.673708,1,server-measured,server,medium-sampling,results_server/results/medium-sampling/results.csv
ok,STAR,sil,tsp,fnb1615,5101.000000,2.925747,22.929662,22.929662,1,server-measured,server,medium-sampling,results_server/results/medium-sampling/results.csv
ok,STAR,sil,tsp,fqm5087,13769.000000,5.679638,31.051819,31.051819,1,server-measured,server,medium-sampling,results_server/results/medium-sampling/results.csv
ok,STAR,sil,tsp,fra1488,4368.000000,2.439024,30.611411,30.611411,1,server-measured,server,medium-sampling,results_server/results/medium-sampling/results.csv
ok,STAR,sil,tsp,frv4410,11192.000000,4.490710,42.419615,42.419615,1,server-measured,server,medium-sampling,results_server/results/medium-sampling/results.csv
ok,STAR,sil,tsp,icw1483,4480.000000,1.449275,28.468554,28.468554,1,server-measured,server,medium-sampling,results_server/results/medium-sampling/results.csv
ok,STAR,sil,tsp,ida8197,24093.000000,7.856567,54.204236,54.204236,1,server-measured,server,medium-sampling,results_server/results/medium-sampling/results.csv
ok,STAR,sil,tsp,irw2802,8640.000000,2.576279,34.954605,34.954605,1,server-measured,server,medium-sampling,results_server/results/medium-sampling/results.csv
ok,STAR,sil,tsp,lap7454,20721.000000,6.071154,83.981412,83.981412,1,server-measured,server,medium-sampling,results_server/results/medium-sampling/results.csv
ok,STAR,sil,tsp,ley2323,8548.000000,2.346743,59.391931,59.391931,1,server-measured,server,medium-sampling,results_server/results/medium-sampling/results.csv
ok,STAR,sil,tsp,lsm2854,8285.000000,3.381582,28.423945,28.423945,1,server-measured,server,medium-sampling,results_server/results/medium-sampling/results.csv
ok,STAR,sil,tsp,lsn3119,9453.000000,3.719552,30.081064,30.081064,1,server-measured,server,medium-sampling,results_server/results/medium-sampling/results.csv
ok,STAR,sil,tsp,lta3140,9902.000000,4.045392,29.281714,29.281714,1,server-measured,server,medium-sampling,results_server/results/medium-sampling/results.csv
ok,STAR,sil,tsp,ltb3729,12282.000000,3.899839,37.026895,37.026895,1,server-measured,server,medium-sampling,results_server/results/medium-sampling/results.csv
ok,STAR,sil,tsp,mlt2597,8313.000000,2.998389,32.148058,32.148058,1,server-measured,server,medium-sampling,results_server/results/medium-sampling/results.csv
ok,STAR,sil,tsp,pds2566,7869.000000,2.956954,34.816218,34.816218,1,server-measured,server,medium-sampling,results_server/results/medium-sampling/results.csv
ok,STAR,sil,tsp,pia3056,8569.000000,3.766045,26.827772,26.827772,1,server-measured,server,medium-sampling,results_server/results/medium-sampling/results.csv
ok,STAR,sil,tsp,rbv1583,5499.000000,2.079079,34.424040,34.424040,1,server-measured,server,medium-sampling,results_server/results/medium-sampling/results.csv
ok,STAR,sil,tsp,rbw2481,8028.000000,3.935785,31.965746,31.965746,1,server-measured,server,medium-sampling,results_server/results/medium-sampling/results.csv
ok,STAR,sil,tsp,rby1599,5618.000000,1.536237,27.939981,27.939981,1,server-measured,server,medium-sampling,results_server/results/medium-sampling/results.csv
ok,STAR,sil,tsp,xit1083,3631.000000,2.051714,32.145788,32.145788,1,server-measured,server,medium-sampling,results_server/results/medium-sampling/results.csv
ok,STAR,sil,tsp,xpr2308,7377.000000,2.188669,29.190005,29.190005,1,server-measured,server,medium-sampling,results_server/results/medium-sampling/results.csv
ok,STAR,sil,tsp,xqc2175,7025.000000,2.855051,25.648882,25.648882,1,server-measured,server,medium-sampling,results_server/results/medium-sampling/results.csv
ok,STAR,sil,tsp,xqd4966,16277.000000,6.274484,29.828198,29.828198,1,server-measured,server,medium-sampling,results_server/results/medium-sampling/results.csv
ok,STAR,sil,tsp,xqe3891,12418.000000,3.526469,35.203567,35.203567,1,server-measured,server,medium-sampling,results_server/results/medium-sampling/results.csv
ok,STAR,sil,tsp,xsc6880,22781.000000,5.785930,55.611183,55.611183,1,server-measured,server,medium-sampling,results_server/results/medium-sampling/results.csv
ok,STAR,sil,tsp,xua3937,11761.000000,4.644541,38.283543,38.283543,1,server-measured,server,medium-sampling,results_server/results/medium-sampling/results.csv
ok,STAR,sil,tsp,xva2993,8758.000000,3.132360,34.643164,34.643164,1,server-measured,server,medium-sampling,results_server/results/medium-sampling/results.csv
ok,STAR,sil,cvrp,Antwerp1,498732.000000,4.495293,723.352820,723.352820,1,server-measured,server,medium-sampling,results_server/results/medium-sampling/results.csv
ok,STAR,sil,cvrp,Antwerp2,309991.000000,6.398147,1468.409065,1468.409065,1,server-measured,server,medium-sampling,results_server/results/medium-sampling/results.csv
ok,STAR,sil,cvrp,Leuven1,199959.000000,3.687360,344.464758,344.464758,1,server-measured,server,medium-sampling,results_server/results/medium-sampling/results.csv
ok,STAR,sil,cvrp,Leuven2,117952.000000,5.886261,1107.599530,1107.599530,1,server-measured,server,medium-sampling,results_server/results/medium-sampling/results.csv
ok,STAR,sil,cvrp,X-n1001-k43,74852.000000,3.451040,176.954670,176.954670,1,server-measured,server,medium-sampling,results_server/results/medium-sampling/results.csv
ok,STAR,sil,tsp,dj38,6656.000000,0.000000,22.518113,22.518113,1,server-measured,server,small-main,results_server/results/small-main/results.csv
ok,STAR,sil,tsp,lu980,11544.000000,1.798942,38.079903,38.079903,1,server-measured,server,small-main,results_server/results/small-main/results.csv
ok,STAR,sil,tsp,qa194,9402.000000,0.534645,31.126531,31.126531,1,server-measured,server,small-main,results_server/results/small-main/results.csv
ok,STAR,sil,tsp,uy734,79393.000000,0.352656,45.882235,45.882235,1,server-measured,server,small-main,results_server/results/small-main/results.csv
ok,STAR,sil,tsp,wi29,27603.000000,0.000000,16.568137,16.568137,1,server-measured,server,small-main,results_server/results/small-main/results.csv
ok,STAR,sil,tsp,zi929,96097.000000,0.788715,55.036799,55.036799,1,server-measured,server,small-main,results_server/results/small-main/results.csv
ok,STAR,sil,tsp,a280,2600.000000,0.814269,58.150748,58.150748,1,server-measured,server,small-main,results_server/results/small-main/results.csv
ok,STAR,sil,tsp,berlin52,7542.000000,0.000000,31.172876,31.172876,1,server-measured,server,small-main,results_server/results/small-main/results.csv
ok,STAR,sil,tsp,bier127,118282.000000,0.000000,39.809915,39.809915,1,server-measured,server,small-main,results_server/results/small-main/results.csv
ok,STAR,sil,tsp,ch130,6128.000000,0.294599,50.065047,50.065047,1,server-measured,server,small-main,results_server/results/small-main/results.csv
ok,STAR,sil,tsp,ch150,6533.000000,0.076593,53.156345,53.156345,1,server-measured,server,small-main,results_server/results/small-main/results.csv
ok,STAR,sil,tsp,d198,15794.000000,0.088720,36.854123,36.854123,1,server-measured,server,small-main,results_server/results/small-main/results.csv
ok,STAR,sil,tsp,d493,35325.000000,0.922804,43.066455,43.066455,1,server-measured,server,small-main,results_server/results/small-main/results.csv
ok,STAR,sil,tsp,d657,49401.000000,0.999755,57.962144,57.962144,1,server-measured,server,small-main,results_server/results/small-main/results.csv
ok,STAR,sil,tsp,eil101,629.000000,0.000000,49.337950,49.337950,1,server-measured,server,small-main,results_server/results/small-main/results.csv
ok,STAR,sil,tsp,eil51,426.000000,0.000000,30.291352,30.291352,1,server-measured,server,small-main,results_server/results/small-main/results.csv
ok,STAR,sil,tsp,eil76,538.000000,0.000000,44.879549,44.879549,1,server-measured,server,small-main,results_server/results/small-main/results.csv
ok,STAR,sil,tsp,fl417,11885.000000,0.202344,55.692785,55.692785,1,server-measured,server,small-main,results_server/results/small-main/results.csv
ok,STAR,sil,tsp,gil262,2391.000000,0.546678,69.394801,69.394801,1,server-measured,server,small-main,results_server/results/small-main/results.csv
ok,STAR,sil,tsp,kroA100,21282.000000,0.000000,59.561478,59.561478,1,server-measured,server,small-main,results_server/results/small-main/results.csv
ok,STAR,sil,tsp,kroA150,26524.000000,0.000000,63.331555,63.331555,1,server-measured,server,small-main,results_server/results/small-main/results.csv
ok,STAR,sil,tsp,kroA200,29368.000000,0.000000,52.045469,52.045469,1,server-measured,server,small-main,results_server/results/small-main/results.csv
ok,STAR,sil,tsp,kroB100,22199.000000,0.261957,59.183842,59.183842,1,server-measured,server,small-main,results_server/results/small-main/results.csv
ok,STAR,sil,tsp,kroB150,26132.000000,0.007654,57.401967,57.401967,1,server-measured,server,small-main,results_server/results/small-main/results.csv
ok,STAR,sil,tsp,kroB200,29437.000000,0.000000,51.090519,51.090519,1,server-measured,server,small-main,results_server/results/small-main/results.csv
ok,STAR,sil,tsp,kroC100,20749.000000,0.000000,59.409799,59.409799,1,server-measured,server,small-main,results_server/results/small-main/results.csv
ok,STAR,sil,tsp,kroD100,21294.000000,0.000000,60.280393,60.280393,1,server-measured,server,small-main,results_server/results/small-main/results.csv
ok,STAR,sil,tsp,kroE100,22121.000000,0.240167,57.008570,57.008570,1,server-measured,server,small-main,results_server/results/small-main/results.csv
ok,STAR,sil,tsp,lin105,14379.000000,0.000000,62.414326,62.414326,1,server-measured,server,small-main,results_server/results/small-main/results.csv
ok,STAR,sil,tsp,lin318,42155.000000,0.299793,42.210024,42.210024,1,server-measured,server,small-main,results_server/results/small-main/results.csv
ok,STAR,sil,tsp,p654,35756.000000,3.212770,47.587540,47.587540,1,server-measured,server,small-main,results_server/results/small-main/results.csv
ok,STAR,sil,tsp,pcb442,50918.000000,0.275710,66.435284,66.435284,1,server-measured,server,small-main,results_server/results/small-main/results.csv
ok,STAR,sil,tsp,pr107,44303.000000,0.000000,23.149707,23.149707,1,server-measured,server,small-main,results_server/results/small-main/results.csv
ok,STAR,sil,tsp,pr124,59030.000000,0.000000,49.926609,49.926609,1,server-measured,server,small-main,results_server/results/small-main/results.csv
ok,STAR,sil,tsp,pr136,96772.000000,0.000000,47.067039,47.067039,1,server-measured,server,small-main,results_server/results/small-main/results.csv
ok,STAR,sil,tsp,pr144,58537.000000,0.000000,60.988593,60.988593,1,server-measured,server,small-main,results_server/results/small-main/results.csv
ok,STAR,sil,tsp,pr152,73682.000000,0.000000,41.021999,41.021999,1,server-measured,server,small-main,results_server/results/small-main/results.csv
ok,STAR,sil,tsp,pr226,80369.000000,0.000000,85.871942,85.871942,1,server-measured,server,small-main,results_server/results/small-main/results.csv
ok,STAR,sil,tsp,pr264,49135.000000,0.000000,118.096212,118.096212,1,server-measured,server,small-main,results_server/results/small-main/results.csv
ok,STAR,sil,tsp,pr299,48196.000000,0.010375,49.939018,49.939018,1,server-measured,server,small-main,results_server/results/small-main/results.csv
ok,STAR,sil,tsp,pr439,108145.000000,0.865534,41.226472,41.226472,1,server-measured,server,small-main,results_server/results/small-main/results.csv
ok,STAR,sil,tsp,pr76,108159.000000,0.000000,45.117059,45.117059,1,server-measured,server,small-main,results_server/results/small-main/results.csv
ok,STAR,sil,tsp,rat195,2329.000000,0.258287,51.418614,51.418614,1,server-measured,server,small-main,results_server/results/small-main/results.csv
ok,STAR,sil,tsp,rat575,6837.000000,0.944928,50.250720,50.250720,1,server-measured,server,small-main,results_server/results/small-main/results.csv
ok,STAR,sil,tsp,rat783,8824.000000,0.204406,56.944930,56.944930,1,server-measured,server,small-main,results_server/results/small-main/results.csv
ok,STAR,sil,tsp,rat99,1211.000000,0.000000,58.646034,58.646034,1,server-measured,server,small-main,results_server/results/small-main/results.csv
ok,STAR,sil,tsp,rd100,7910.000000,0.000000,57.294127,57.294127,1,server-measured,server,small-main,results_server/results/small-main/results.csv
ok,STAR,sil,tsp,rd400,15331.000000,0.327204,65.274760,65.274760,1,server-measured,server,small-main,results_server/results/small-main/results.csv
ok,STAR,sil,tsp,st70,675.000000,0.000000,41.735026,41.735026,1,server-measured,server,small-main,results_server/results/small-main/results.csv
ok,STAR,sil,tsp,ts225,126643.000000,0.000000,39.527625,39.527625,1,server-measured,server,small-main,results_server/results/small-main/results.csv
ok,STAR,sil,tsp,tsp225,3919.000000,0.076609,55.599476,55.599476,1,server-measured,server,small-main,results_server/results/small-main/results.csv
ok,STAR,sil,tsp,u159,42080.000000,0.000000,95.119115,95.119115,1,server-measured,server,small-main,results_server/results/small-main/results.csv
ok,STAR,sil,tsp,u574,37215.000000,0.839995,51.597428,51.597428,1,server-measured,server,small-main,results_server/results/small-main/results.csv
ok,STAR,sil,tsp,u724,42102.000000,0.458125,53.687936,53.687936,1,server-measured,server,small-main,results_server/results/small-main/results.csv
ok,STAR,sil,tsp,bcl380,1631.000000,0.616903,52.532997,52.532997,1,server-measured,server,small-main,results_server/results/small-main/results.csv
ok,STAR,sil,tsp,dkg813,3215.000000,0.500156,74.000505,74.000505,1,server-measured,server,small-main,results_server/results/small-main/results.csv
ok,STAR,sil,tsp,lim963,2829.000000,1.434206,72.594916,72.594916,1,server-measured,server,small-main,results_server/results/small-main/results.csv
ok,STAR,sil,tsp,pbd984,2821.000000,0.858062,68.409297,68.409297,1,server-measured,server,small-main,results_server/results/small-main/results.csv
ok,STAR,sil,tsp,pbk411,1358.000000,1.116902,64.784291,64.784291,1,server-measured,server,small-main,results_server/results/small-main/results.csv
ok,STAR,sil,tsp,pbl395,1301.000000,1.561280,47.894808,47.894808,1,server-measured,server,small-main,results_server/results/small-main/results.csv
ok,STAR,sil,tsp,pbm436,1450.000000,0.485100,46.794916,46.794916,1,server-measured,server,small-main,results_server/results/small-main/results.csv
ok,STAR,sil,tsp,pbn423,1371.000000,0.439560,55.923566,55.923566,1,server-measured,server,small-main,results_server/results/small-main/results.csv
ok,STAR,sil,tsp,pka379,1332.000000,0.000000,80.615631,80.615631,1,server-measured,server,small-main,results_server/results/small-main/results.csv
ok,STAR,sil,tsp,pma343,1369.000000,0.073099,65.966206,65.966206,1,server-measured,server,small-main,results_server/results/small-main/results.csv
ok,STAR,sil,tsp,rbu737,3329.000000,0.452625,55.544282,55.544282,1,server-measured,server,small-main,results_server/results/small-main/results.csv
ok,STAR,sil,tsp,rbx711,3139.000000,0.770465,70.345678,70.345678,1,server-measured,server,small-main,results_server/results/small-main/results.csv
ok,STAR,sil,tsp,xqf131,565.000000,0.177305,51.311314,51.311314,1,server-measured,server,small-main,results_server/results/small-main/results.csv
ok,STAR,sil,tsp,xqg237,1020.000000,0.098135,47.817810,47.817810,1,server-measured,server,small-main,results_server/results/small-main/results.csv
ok,STAR,sil,tsp,xql662,2524.000000,0.437724,66.542760,66.542760,1,server-measured,server,small-main,results_server/results/small-main/results.csv
ok,STAR,sil,cvrp,X-n101-k25,28197.000000,2.196368,41.501905,41.501905,1,server-measured,server,small-main,results_server/results/small-main/results.csv
ok,STAR,sil,cvrp,X-n106-k14,26669.000000,1.164555,39.570769,39.570769,1,server-measured,server,small-main,results_server/results/small-main/results.csv
ok,STAR,sil,cvrp,X-n110-k13,15075.000000,0.694676,50.774072,50.774072,1,server-measured,server,small-main,results_server/results/small-main/results.csv
ok,STAR,sil,cvrp,X-n115-k10,12765.000000,0.141210,77.106455,77.106455,1,server-measured,server,small-main,results_server/results/small-main/results.csv
ok,STAR,sil,cvrp,X-n120-k6,13571.000000,1.792679,99.983134,99.983134,1,server-measured,server,small-main,results_server/results/small-main/results.csv
ok,STAR,sil,cvrp,X-n125-k30,56991.000000,2.614379,47.089666,47.089666,1,server-measured,server,small-main,results_server/results/small-main/results.csv
ok,STAR,sil,cvrp,X-n129-k18,29340.000000,1.382170,49.799425,49.799425,1,server-measured,server,small-main,results_server/results/small-main/results.csv
ok,STAR,sil,cvrp,X-n134-k13,11161.000000,2.244412,61.479546,61.479546,1,server-measured,server,small-main,results_server/results/small-main/results.csv
ok,STAR,sil,cvrp,X-n139-k10,13710.000000,0.883002,84.341588,84.341588,1,server-measured,server,small-main,results_server/results/small-main/results.csv
ok,STAR,sil,cvrp,X-n143-k7,16188.000000,3.108280,109.797741,109.797741,1,server-measured,server,small-main,results_server/results/small-main/results.csv
ok,STAR,sil,cvrp,X-n148-k46,43874.000000,0.980482,46.225058,46.225058,1,server-measured,server,small-main,results_server/results/small-main/results.csv
ok,STAR,sil,cvrp,X-n153-k22,22033.000000,3.831291,65.871486,65.871486,1,server-measured,server,small-main,results_server/results/small-main/results.csv
ok,STAR,sil,cvrp,X-n157-k13,16992.000000,0.687367,83.850320,83.850320,1,server-measured,server,small-main,results_server/results/small-main/results.csv
ok,STAR,sil,cvrp,X-n162-k11,14316.000000,1.259018,96.821128,96.821128,1,server-measured,server,small-main,results_server/results/small-main/results.csv
ok,STAR,sil,cvrp,X-n167-k10,21058.000000,2.437126,106.001192,106.001192,1,server-measured,server,small-main,results_server/results/small-main/results.csv
ok,STAR,sil,cvrp,X-n172-k51,45981.000000,0.820050,54.231925,54.231925,1,server-measured,server,small-main,results_server/results/small-main/results.csv
ok,STAR,sil,cvrp,X-n176-k26,48973.000000,2.428261,69.464391,69.464391,1,server-measured,server,small-main,results_server/results/small-main/results.csv
ok,STAR,sil,cvrp,X-n181-k23,25749.000000,0.703977,61.891657,61.891657,1,server-measured,server,small-main,results_server/results/small-main/results.csv
ok,STAR,sil,cvrp,X-n186-k15,24651.000000,2.095672,92.432903,92.432903,1,server-measured,server,small-main,results_server/results/small-main/results.csv
ok,STAR,sil,cvrp,X-n190-k8,17325.000000,2.031802,112.169067,112.169067,1,server-measured,server,small-main,results_server/results/small-main/results.csv
ok,STAR,sil,cvrp,X-n195-k51,44688.000000,1.046919,58.113370,58.113370,1,server-measured,server,small-main,results_server/results/small-main/results.csv
ok,STAR,sil,cvrp,X-n200-k36,60111.000000,2.617023,56.685026,56.685026,1,server-measured,server,small-main,results_server/results/small-main/results.csv
ok,STAR,sil,cvrp,X-n204-k19,19893.000000,1.676463,89.277227,89.277227,1,server-measured,server,small-main,results_server/results/small-main/results.csv
ok,STAR,sil,cvrp,X-n209-k16,31194.000000,1.754958,97.327008,97.327008,1,server-measured,server,small-main,results_server/results/small-main/results.csv
ok,STAR,sil,cvrp,X-n214-k11,11367.000000,4.707074,104.489465,104.489465,1,server-measured,server,small-main,results_server/results/small-main/results.csv
ok,STAR,sil,cvrp,X-n219-k73,117757.000000,0.137761,63.111677,63.111677,1,server-measured,server,small-main,results_server/results/small-main/results.csv
ok,STAR,sil,cvrp,X-n223-k34,41120.000000,1.689047,69.529886,69.529886,1,server-measured,server,small-main,results_server/results/small-main/results.csv
ok,STAR,sil,cvrp,X-n228-k23,26280.000000,2.089970,89.054909,89.054909,1,server-measured,server,small-main,results_server/results/small-main/results.csv
ok,STAR,sil,cvrp,X-n233-k16,19932.000000,3.650546,157.034665,157.034665,1,server-measured,server,small-main,results_server/results/small-main/results.csv
ok,STAR,sil,cvrp,X-n237-k14,27511.000000,1.734339,140.020049,140.020049,1,server-measured,server,small-main,results_server/results/small-main/results.csv
ok,STAR,sil,cvrp,X-n242-k48,83754.000000,1.212070,65.408443,65.408443,1,server-measured,server,small-main,results_server/results/small-main/results.csv
ok,STAR,sil,cvrp,X-n247-k50,38995.000000,4.617159,75.958947,75.958947,1,server-measured,server,small-main,results_server/results/small-main/results.csv
ok,STAR,sil,cvrp,X-n251-k28,39721.000000,2.680695,80.991595,80.991595,1,server-measured,server,small-main,results_server/results/small-main/results.csv
ok,STAR,sil,cvrp,X-n256-k16,19192.000000,1.873772,144.390504,144.390504,1,server-measured,server,small-main,results_server/results/small-main/results.csv
ok,STAR,sil,cvrp,X-n261-k13,27370.000000,3.057459,136.301254,136.301254,1,server-measured,server,small-main,results_server/results/small-main/results.csv
ok,STAR,sil,cvrp,X-n266-k58,76913.000000,1.901216,69.653429,69.653429,1,server-measured,server,small-main,results_server/results/small-main/results.csv
ok,STAR,sil,cvrp,X-n270-k35,35918.000000,1.776657,76.352797,76.352797,1,server-measured,server,small-main,results_server/results/small-main/results.csv
ok,STAR,sil,cvrp,X-n275-k28,21584.000000,1.595670,96.493459,96.493459,1,server-measured,server,small-main,results_server/results/small-main/results.csv
ok,STAR,sil,cvrp,X-n280-k17,34312.000000,2.414709,123.713619,123.713619,1,server-measured,server,small-main,results_server/results/small-main/results.csv
ok,STAR,sil,cvrp,X-n284-k15,21041.000000,4.029467,135.265075,135.265075,1,server-measured,server,small-main,results_server/results/small-main/results.csv
ok,STAR,sil,cvrp,X-n289-k60,97703.000000,2.682053,79.918777,79.918777,1,server-measured,server,small-main,results_server/results/small-main/results.csv
ok,STAR,sil,cvrp,X-n294-k50,47795.000000,1.344331,77.084142,77.084142,1,server-measured,server,small-main,results_server/results/small-main/results.csv
ok,STAR,sil,cvrp,X-n298-k31,35068.000000,2.445152,103.720675,103.720675,1,server-measured,server,small-main,results_server/results/small-main/results.csv
ok,STAR,sil,cvrp,X-n303-k21,22343.000000,2.792602,124.987670,124.987670,1,server-measured,server,small-main,results_server/results/small-main/results.csv
ok,STAR,sil,cvrp,X-n308-k13,26704.000000,3.267721,167.945204,167.945204,1,server-measured,server,small-main,results_server/results/small-main/results.csv
ok,STAR,sil,cvrp,X-n313-k71,96571.000000,2.688132,80.729366,80.729366,1,server-measured,server,small-main,results_server/results/small-main/results.csv
ok,STAR,sil,cvrp,X-n317-k53,78816.000000,0.588348,75.965059,75.965059,1,server-measured,server,small-main,results_server/results/small-main/results.csv
ok,STAR,sil,cvrp,X-n322-k28,30701.000000,2.906080,122.437034,122.437034,1,server-measured,server,small-main,results_server/results/small-main/results.csv
ok,STAR,sil,cvrp,X-n327-k20,28270.000000,2.680517,169.349766,169.349766,1,server-measured,server,small-main,results_server/results/small-main/results.csv
ok,STAR,sil,cvrp,X-n331-k15,31937.000000,2.684715,202.025150,202.025150,1,server-measured,server,small-main,results_server/results/small-main/results.csv
ok,STAR,sil,cvrp,X-n336-k84,142447.000000,2.398085,92.326161,92.326161,1,server-measured,server,small-main,results_server/results/small-main/results.csv
ok,STAR,sil,cvrp,X-n344-k43,43159.000000,2.637337,96.934168,96.934168,1,server-measured,server,small-main,results_server/results/small-main/results.csv
ok,STAR,sil,cvrp,X-n351-k40,26813.000000,3.541087,98.926189,98.926189,1,server-measured,server,small-main,results_server/results/small-main/results.csv
ok,STAR,sil,cvrp,X-n359-k29,53269.000000,3.424910,112.686842,112.686842,1,server-measured,server,small-main,results_server/results/small-main/results.csv
ok,STAR,sil,cvrp,X-n367-k17,23620.000000,3.532918,175.348963,175.348963,1,server-measured,server,small-main,results_server/results/small-main/results.csv
ok,STAR,sil,cvrp,X-n376-k94,148309.000000,0.403485,92.262253,92.262253,1,server-measured,server,small-main,results_server/results/small-main/results.csv
ok,STAR,sil,cvrp,X-n384-k52,67340.000000,2.123142,98.418917,98.418917,1,server-measured,server,small-main,results_server/results/small-main/results.csv
ok,STAR,sil,cvrp,X-n393-k38,39020.000000,1.986409,120.662408,120.662408,1,server-measured,server,small-main,results_server/results/small-main/results.csv
ok,STAR,sil,cvrp,X-n401-k29,67423.000000,1.918251,214.942766,214.942766,1,server-measured,server,small-main,results_server/results/small-main/results.csv
ok,STAR,sil,cvrp,X-n411-k19,20416.000000,3.571429,186.565270,186.565270,1,server-measured,server,small-main,results_server/results/small-main/results.csv
ok,STAR,sil,cvrp,X-n420-k130,109835.000000,1.889645,92.252183,92.252183,1,server-measured,server,small-main,results_server/results/small-main/results.csv
ok,STAR,sil,cvrp,X-n429-k61,67115.000000,2.545493,103.520771,103.520771,1,server-measured,server,small-main,results_server/results/small-main/results.csv
ok,STAR,sil,cvrp,X-n439-k37,36927.000000,1.472892,156.730796,156.730796,1,server-measured,server,small-main,results_server/results/small-main/results.csv
ok,STAR,sil,cvrp,X-n449-k29,57325.000000,3.787591,147.419381,147.419381,1,server-measured,server,small-main,results_server/results/small-main/results.csv
ok,STAR,sil,cvrp,X-n459-k26,25169.000000,4.266954,197.915399,197.915399,1,server-measured,server,small-main,results_server/results/small-main/results.csv
ok,STAR,sil,cvrp,X-n469-k138,228632.000000,3.069100,116.572842,116.572842,1,server-measured,server,small-main,results_server/results/small-main/results.csv
ok,STAR,sil,cvrp,X-n480-k70,91550.000000,2.348824,113.218059,113.218059,1,server-measured,server,small-main,results_server/results/small-main/results.csv
ok,STAR,sil,cvrp,X-n491-k59,68483.000000,3.008288,121.943026,121.943026,1,server-measured,server,small-main,results_server/results/small-main/results.csv
ok,STAR,sil,cvrp,X-n502-k39,69884.000000,0.950510,173.169402,173.169402,1,server-measured,server,small-main,results_server/results/small-main/results.csv
ok,STAR,sil,cvrp,X-n513-k21,24958.000000,3.127970,288.048356,288.048356,1,server-measured,server,small-main,results_server/results/small-main/results.csv
ok,STAR,sil,cvrp,X-n524-k153,157571.000000,1.926349,125.625744,125.625744,1,server-measured,server,small-main,results_server/results/small-main/results.csv
ok,STAR,sil,cvrp,X-n536-k96,97742.000000,3.053371,137.749607,137.749607,1,server-measured,server,small-main,results_server/results/small-main/results.csv
ok,STAR,sil,cvrp,X-n548-k50,88215.000000,1.747405,155.795396,155.795396,1,server-measured,server,small-main,results_server/results/small-main/results.csv
ok,STAR,sil,cvrp,X-n561-k42,43979.000000,2.954327,191.787519,191.787519,1,server-measured,server,small-main,results_server/results/small-main/results.csv
ok,STAR,sil,cvrp,X-n573-k30,51641.000000,1.910288,175.243019,175.243019,1,server-measured,server,small-main,results_server/results/small-main/results.csv
ok,STAR,sil,cvrp,X-n586-k159,195534.000000,2.741756,124.957821,124.957821,1,server-measured,server,small-main,results_server/results/small-main/results.csv
ok,STAR,sil,cvrp,X-n599-k92,111558.000000,2.864888,133.786171,133.786171,1,server-measured,server,small-main,results_server/results/small-main/results.csv
ok,STAR,sil,cvrp,X-n613-k62,62003.000000,4.145461,156.821675,156.821675,1,server-measured,server,small-main,results_server/results/small-main/results.csv
ok,STAR,sil,cvrp,X-n627-k43,64177.000000,3.238209,193.487428,193.487428,1,server-measured,server,small-main,results_server/results/small-main/results.csv
ok,STAR,sil,cvrp,X-n641-k35,66030.000000,3.683814,240.159568,240.159568,1,server-measured,server,small-main,results_server/results/small-main/results.csv
ok,STAR,sil,cvrp,X-n655-k131,107452.000000,0.629331,140.708561,140.708561,1,server-measured,server,small-main,results_server/results/small-main/results.csv
ok,STAR,sil,cvrp,X-n670-k130,152955.000000,4.526009,166.068091,166.068091,1,server-measured,server,small-main,results_server/results/small-main/results.csv
ok,STAR,sil,cvrp,X-n685-k75,70480.000000,3.335533,190.440520,190.440520,1,server-measured,server,small-main,results_server/results/small-main/results.csv
ok,STAR,sil,cvrp,X-n701-k44,85034.000000,3.797468,207.969075,207.969075,1,server-measured,server,small-main,results_server/results/small-main/results.csv
ok,STAR,sil,cvrp,X-n716-k35,45054.000000,3.875683,224.536064,224.536064,1,server-measured,server,small-main,results_server/results/small-main/results.csv
ok,STAR,sil,cvrp,X-n733-k159,138757.000000,1.887111,152.272249,152.272249,1,server-measured,server,small-main,results_server/results/small-main/results.csv
ok,STAR,sil,cvrp,X-n749-k98,79756.000000,3.218626,167.442014,167.442014,1,server-measured,server,small-main,results_server/results/small-main/results.csv
ok,STAR,sil,cvrp,X-n766-k71,117911.000000,3.053742,201.315055,201.315055,1,server-measured,server,small-main,results_server/results/small-main/results.csv
ok,STAR,sil,cvrp,X-n783-k48,75875.000000,4.819993,265.750289,265.750289,1,server-measured,server,small-main,results_server/results/small-main/results.csv
ok,STAR,sil,cvrp,X-n801-k40,75292.000000,2.702187,286.746469,286.746469,1,server-measured,server,small-main,results_server/results/small-main/results.csv
ok,STAR,sil,cvrp,X-n819-k171,162975.000000,3.069801,177.047496,177.047496,1,server-measured,server,small-main,results_server/results/small-main/results.csv
ok,STAR,sil,cvrp,X-n837-k142,198427.000000,2.420808,180.058309,180.058309,1,server-measured,server,small-main,results_server/results/small-main/results.csv
ok,STAR,sil,cvrp,X-n856-k95,91107.000000,2.407688,213.441106,213.441106,1,server-measured,server,small-main,results_server/results/small-main/results.csv
ok,STAR,sil,cvrp,X-n876-k59,102692.000000,3.416953,236.634235,236.634235,1,server-measured,server,small-main,results_server/results/small-main/results.csv
ok,STAR,sil,cvrp,X-n895-k37,56280.000000,4.493130,429.376020,429.376020,1,server-measured,server,small-main,results_server/results/small-main/results.csv
ok,STAR,sil,cvrp,X-n916-k207,337450.000000,2.512615,203.864128,203.864128,1,server-measured,server,small-main,results_server/results/small-main/results.csv
ok,STAR,sil,cvrp,X-n936-k151,140322.000000,5.731831,225.536928,225.536928,1,server-measured,server,small-main,results_server/results/small-main/results.csv
ok,STAR,sil,cvrp,X-n957-k87,87270.000000,2.111976,260.735885,260.735885,1,server-measured,server,small-main,results_server/results/small-main/results.csv
ok,STAR,sil,cvrp,X-n979-k58,122099.000000,2.624899,303.373714,303.373714,1,server-measured,server,small-main,results_server/results/small-main/results.csv
ok,STAR,sil,tsp,dj38,6657,0.015024,22.111643,22.111643,1,server-measured,server,small-recon,results_server/results/small-recon/results.csv
ok,STAR,sil,tsp,lu980,14005,23.500882,30.181311,30.181311,1,server-measured,server,small-recon,results_server/results/small-recon/results.csv
ok,STAR,sil,tsp,qa194,11398,21.877673,26.046886,26.046886,1,server-measured,server,small-recon,results_server/results/small-recon/results.csv
ok,STAR,sil,tsp,uy734,95968,21.303436,37.490141,37.490141,1,server-measured,server,small-recon,results_server/results/small-recon/results.csv
ok,STAR,sil,tsp,wi29,27603,0.000000,15.815209,15.815209,1,server-measured,server,small-recon,results_server/results/small-recon/results.csv
ok,STAR,sil,tsp,zi929,110781,16.189627,45.584822,45.584822,1,server-measured,server,small-recon,results_server/results/small-recon/results.csv
ok,STAR,sil,tsp,a280,2848,10.430399,40.679151,40.679151,1,server-measured,server,small-recon,results_server/results/small-recon/results.csv
ok,STAR,sil,tsp,berlin52,7542,0.000000,29.765813,29.765813,1,server-measured,server,small-recon,results_server/results/small-recon/results.csv
ok,STAR,sil,tsp,bier127,126950,7.328249,32.776015,32.776015,1,server-measured,server,small-recon,results_server/results/small-recon/results.csv
ok,STAR,sil,tsp,ch130,6237,2.078560,45.102531,45.102531,1,server-measured,server,small-recon,results_server/results/small-recon/results.csv
ok,STAR,sil,tsp,ch150,6571,0.658701,69.702079,69.702079,1,server-measured,server,small-recon,results_server/results/small-recon/results.csv
ok,STAR,sil,tsp,d198,16610,5.259823,38.090814,38.090814,1,server-measured,server,small-recon,results_server/results/small-recon/results.csv
ok,STAR,sil,tsp,d493,40310,15.164848,36.835287,36.835287,1,server-measured,server,small-recon,results_server/results/small-recon/results.csv
ok,STAR,sil,tsp,d657,57162,16.867026,38.044701,38.044701,1,server-measured,server,small-recon,results_server/results/small-recon/results.csv
ok,STAR,sil,tsp,eil101,633,0.635930,49.292712,49.292712,1,server-measured,server,small-recon,results_server/results/small-recon/results.csv
ok,STAR,sil,tsp,eil51,426,0.000000,29.100133,29.100133,1,server-measured,server,small-recon,results_server/results/small-recon/results.csv
ok,STAR,sil,tsp,eil76,541,0.557621,37.941604,37.941604,1,server-measured,server,small-recon,results_server/results/small-recon/results.csv
ok,STAR,sil,tsp,fl417,13926,17.409999,42.556649,42.556649,1,server-measured,server,small-recon,results_server/results/small-recon/results.csv
ok,STAR,sil,tsp,gil262,2478,4.205214,69.451896,69.451896,1,server-measured,server,small-recon,results_server/results/small-recon/results.csv
ok,STAR,sil,tsp,kroA100,21282,0.000000,55.030065,55.030065,1,server-measured,server,small-recon,results_server/results/small-recon/results.csv
ok,STAR,sil,tsp,kroA150,26740,0.814357,51.329551,51.329551,1,server-measured,server,small-recon,results_server/results/small-recon/results.csv
ok,STAR,sil,tsp,kroA200,30942,5.359575,42.845986,42.845986,1,server-measured,server,small-recon,results_server/results/small-recon/results.csv
ok,STAR,sil,tsp,kroB100,22354,0.962016,54.304757,54.304757,1,server-measured,server,small-recon,results_server/results/small-recon/results.csv
ok,STAR,sil,tsp,kroB150,26270,0.535783,58.015540,58.015540,1,server-measured,server,small-recon,results_server/results/small-recon/results.csv
ok,STAR,sil,tsp,kroB200,30199,2.588579,41.414687,41.414687,1,server-measured,server,small-recon,results_server/results/small-recon/results.csv
ok,STAR,sil,tsp,kroC100,20852,0.496409,54.000210,54.000210,1,server-measured,server,small-recon,results_server/results/small-recon/results.csv
ok,STAR,sil,tsp,kroD100,21294,0.000000,53.637088,53.637088,1,server-measured,server,small-recon,results_server/results/small-recon/results.csv
ok,STAR,sil,tsp,kroE100,22121,0.240167,50.800094,50.800094,1,server-measured,server,small-recon,results_server/results/small-recon/results.csv
ok,STAR,sil,tsp,lin105,14973,4.131024,55.917454,55.917454,1,server-measured,server,small-recon,results_server/results/small-recon/results.csv
ok,STAR,sil,tsp,lin318,47096,12.055961,38.923791,38.923791,1,server-measured,server,small-recon,results_server/results/small-recon/results.csv
ok,STAR,sil,tsp,p654,42191,21.787951,37.015678,37.015678,1,server-measured,server,small-recon,results_server/results/small-recon/results.csv
ok,STAR,sil,tsp,pcb442,58733,15.666233,38.403163,38.403163,1,server-measured,server,small-recon,results_server/results/small-recon/results.csv
ok,STAR,sil,tsp,pr107,47983,8.306435,35.877317,35.877317,1,server-measured,server,small-recon,results_server/results/small-recon/results.csv
ok,STAR,sil,tsp,pr124,59838,1.368796,69.481107,69.481107,1,server-measured,server,small-recon,results_server/results/small-recon/results.csv
ok,STAR,sil,tsp,pr136,98964,2.265118,36.777797,36.777797,1,server-measured,server,small-recon,results_server/results/small-recon/results.csv
ok,STAR,sil,tsp,pr144,59623,1.855237,63.710882,63.710882,1,server-measured,server,small-recon,results_server/results/small-recon/results.csv
ok,STAR,sil,tsp,pr152,77519,5.207513,38.142489,38.142489,1,server-measured,server,small-recon,results_server/results/small-recon/results.csv
ok,STAR,sil,tsp,pr226,81579,1.505556,74.777936,74.777936,1,server-measured,server,small-recon,results_server/results/small-recon/results.csv
ok,STAR,sil,tsp,pr264,53594,9.074997,55.213895,55.213895,1,server-measured,server,small-recon,results_server/results/small-recon/results.csv
ok,STAR,sil,tsp,pr299,54895,13.911311,38.710791,38.710791,1,server-measured,server,small-recon,results_server/results/small-recon/results.csv
ok,STAR,sil,tsp,pr439,121329,13.162092,42.391477,42.391477,1,server-measured,server,small-recon,results_server/results/small-recon/results.csv
ok,STAR,sil,tsp,pr76,108159,0.000000,41.582644,41.582644,1,server-measured,server,small-recon,results_server/results/small-recon/results.csv
ok,STAR,sil,tsp,rat195,2399,3.271632,38.105782,38.105782,1,server-measured,server,small-recon,results_server/results/small-recon/results.csv
ok,STAR,sil,tsp,rat575,7895,16.565776,37.423403,37.423403,1,server-measured,server,small-recon,results_server/results/small-recon/results.csv
ok,STAR,sil,tsp,rat783,10549,19.793323,41.284197,41.284197,1,server-measured,server,small-recon,results_server/results/small-recon/results.csv
ok,STAR,sil,tsp,rat99,1212,0.082576,54.256321,54.256321,1,server-measured,server,small-recon,results_server/results/small-recon/results.csv
ok,STAR,sil,tsp,rd100,7958,0.606827,51.340281,51.340281,1,server-measured,server,small-recon,results_server/results/small-recon/results.csv
ok,STAR,sil,tsp,rd400,16815,10.038610,41.671055,41.671055,1,server-measured,server,small-recon,results_server/results/small-recon/results.csv
ok,STAR,sil,tsp,st70,679,0.592593,38.473950,38.473950,1,server-measured,server,small-recon,results_server/results/small-recon/results.csv
ok,STAR,sil,tsp,ts225,143888,13.617018,33.039542,33.039542,1,server-measured,server,small-recon,results_server/results/small-recon/results.csv
ok,STAR,sil,tsp,tsp225,4314,10.163432,46.034520,46.034520,1,server-measured,server,small-recon,results_server/results/small-recon/results.csv
ok,STAR,sil,tsp,u159,42080,0.000000,78.525823,78.525823,1,server-measured,server,small-recon,results_server/results/small-recon/results.csv
ok,STAR,sil,tsp,u574,41377,12.117599,42.031223,42.031223,1,server-measured,server,small-recon,results_server/results/small-recon/results.csv
ok,STAR,sil,tsp,u724,49788,18.797423,44.073136,44.073136,1,server-measured,server,small-recon,results_server/results/small-recon/results.csv
ok,STAR,sil,tsp,bcl380,1843,13.695250,45.005108,45.005108,1,server-measured,server,small-recon,results_server/results/small-recon/results.csv
ok,STAR,sil,tsp,dkg813,3699,15.629884,49.421156,49.421156,1,server-measured,server,small-recon,results_server/results/small-recon/results.csv
ok,STAR,sil,tsp,lim963,3303,18.429545,53.879552,53.879552,1,server-measured,server,small-recon,results_server/results/small-recon/results.csv
ok,STAR,sil,tsp,pbd984,3374,20.629246,44.244397,44.244397,1,server-measured,server,small-recon,results_server/results/small-recon/results.csv
ok,STAR,sil,tsp,pbk411,1495,11.317945,47.915847,47.915847,1,server-measured,server,small-recon,results_server/results/small-recon/results.csv
ok,STAR,sil,tsp,pbl395,1450,13.192818,47.517961,47.517961,1,server-measured,server,small-recon,results_server/results/small-recon/results.csv
ok,STAR,sil,tsp,pbm436,1617,12.058212,41.419273,41.419273,1,server-measured,server,small-recon,results_server/results/small-recon/results.csv
ok,STAR,sil,tsp,pbn423,1602,17.362637,46.720528,46.720528,1,server-measured,server,small-recon,results_server/results/small-recon/results.csv
ok,STAR,sil,tsp,pka379,1384,3.903904,57.936282,57.936282,1,server-measured,server,small-recon,results_server/results/small-recon/results.csv
ok,STAR,sil,tsp,pma343,1416,3.508772,55.245325,55.245325,1,server-measured,server,small-recon,results_server/results/small-recon/results.csv
ok,STAR,sil,tsp,rbu737,3982,20.156910,40.442590,40.442590,1,server-measured,server,small-recon,results_server/results/small-recon/results.csv
ok,STAR,sil,tsp,rbx711,3641,16.886035,42.628534,42.628534,1,server-measured,server,small-recon,results_server/results/small-recon/results.csv
ok,STAR,sil,tsp,xqf131,571,1.241135,46.651582,46.651582,1,server-measured,server,small-recon,results_server/results/small-recon/results.csv
ok,STAR,sil,tsp,xqg237,1076,5.593719,44.682694,44.682694,1,server-measured,server,small-recon,results_server/results/small-recon/results.csv
ok,STAR,sil,tsp,xql662,3049,21.329089,44.789097,44.789097,1,server-measured,server,small-recon,results_server/results/small-recon/results.csv
ok,STAR,sil,cvrp,X-n101-k25,53512.000000,93.947302,46.865828,46.865828,1,server-measured,server,small-recon,results_server/results/small-recon/results.csv
ok,STAR,sil,cvrp,X-n106-k14,47811.000000,81.363326,34.074128,34.074128,1,server-measured,server,small-recon,results_server/results/small-recon/results.csv
ok,STAR,sil,cvrp,X-n110-k13,29813.000000,99.138334,42.953977,42.953977,1,server-measured,server,small-recon,results_server/results/small-recon/results.csv
ok,STAR,sil,cvrp,X-n115-k10,19244.000000,50.968855,78.205371,78.205371,1,server-measured,server,small-recon,results_server/results/small-recon/results.csv
ok,STAR,sil,cvrp,X-n120-k6,14028.000000,5.220522,93.041784,93.041784,1,server-measured,server,small-recon,results_server/results/small-recon/results.csv
ok,STAR,sil,cvrp,X-n125-k30,95321.000000,71.628945,50.577034,50.577034,1,server-measured,server,small-recon,results_server/results/small-recon/results.csv
ok,STAR,sil,cvrp,X-n129-k18,63448.000000,119.239806,54.237638,54.237638,1,server-measured,server,small-recon,results_server/results/small-recon/results.csv
ok,STAR,sil,cvrp,X-n134-k13,19268.000000,76.511543,50.972463,50.972463,1,server-measured,server,small-recon,results_server/results/small-recon/results.csv
ok,STAR,sil,cvrp,X-n139-k10,18691.000000,37.534952,68.125590,68.125590,1,server-measured,server,small-recon,results_server/results/small-recon/results.csv
ok,STAR,sil,cvrp,X-n143-k7,18185.000000,15.828025,97.788608,97.788608,1,server-measured,server,small-recon,results_server/results/small-recon/results.csv
ok,STAR,sil,cvrp,X-n148-k46,73334.000000,68.785675,53.670178,53.670178,1,server-measured,server,small-recon,results_server/results/small-recon/results.csv
ok,STAR,sil,cvrp,X-n153-k22,28607.000000,34.811499,79.432796,79.432796,1,server-measured,server,small-recon,results_server/results/small-recon/results.csv
ok,STAR,sil,cvrp,X-n157-k13,18793.000000,11.359327,65.239627,65.239627,1,server-measured,server,small-recon,results_server/results/small-recon/results.csv
ok,STAR,sil,cvrp,X-n162-k11,17016.000000,20.356486,84.995580,84.995580,1,server-measured,server,small-recon,results_server/results/small-recon/results.csv
ok,STAR,sil,cvrp,X-n167-k10,23144.000000,12.584521,94.429994,94.429994,1,server-measured,server,small-recon,results_server/results/small-recon/results.csv
ok,STAR,sil,cvrp,X-n172-k51,77626.000000,70.206328,60.577252,60.577252,1,server-measured,server,small-recon,results_server/results/small-recon/results.csv
ok,STAR,sil,cvrp,X-n176-k26,69159.000000,44.647787,75.097206,75.097206,1,server-measured,server,small-recon,results_server/results/small-recon/results.csv
ok,STAR,sil,cvrp,X-n181-k23,47209.000000,84.633736,45.599828,45.599828,1,server-measured,server,small-recon,results_server/results/small-recon/results.csv
ok,STAR,sil,cvrp,X-n186-k15,32080.000000,32.863947,70.074090,70.074090,1,server-measured,server,small-recon,results_server/results/small-recon/results.csv
ok,STAR,sil,cvrp,X-n190-k8,18058.000000,6.348645,104.568589,104.568589,1,server-measured,server,small-recon,results_server/results/small-recon/results.csv
ok,STAR,sil,cvrp,X-n195-k51,84447.000000,90.948559,71.369035,71.369035,1,server-measured,server,small-recon,results_server/results/small-recon/results.csv
ok,STAR,sil,cvrp,X-n200-k36,152632.000000,160.561986,68.097175,68.097175,1,server-measured,server,small-recon,results_server/results/small-recon/results.csv
ok,STAR,sil,cvrp,X-n204-k19,29086.000000,48.663430,69.905584,69.905584,1,server-measured,server,small-recon,results_server/results/small-recon/results.csv
ok,STAR,sil,cvrp,X-n209-k16,38036.000000,24.073591,77.790864,77.790864,1,server-measured,server,small-recon,results_server/results/small-recon/results.csv
ok,STAR,sil,cvrp,X-n214-k11,14171.000000,30.536109,92.721345,92.721345,1,server-measured,server,small-recon,results_server/results/small-recon/results.csv
ok,STAR,sil,cvrp,X-n219-k73,203632.000000,73.163825,74.627440,74.627440,1,server-measured,server,small-recon,results_server/results/small-recon/results.csv
ok,STAR,sil,cvrp,X-n223-k34,103047.000000,154.833445,73.524660,73.524660,1,server-measured,server,small-recon,results_server/results/small-recon/results.csv
ok,STAR,sil,cvrp,X-n228-k23,44554.000000,73.079015,102.708711,102.708711,1,server-measured,server,small-recon,results_server/results/small-recon/results.csv
ok,STAR,sil,cvrp,X-n233-k16,31919.000000,65.985439,133.130412,133.130412,1,server-measured,server,small-recon,results_server/results/small-recon/results.csv
ok,STAR,sil,cvrp,X-n237-k14,29292.000000,8.320391,121.995170,121.995170,1,server-measured,server,small-recon,results_server/results/small-recon/results.csv
ok,STAR,sil,cvrp,X-n242-k48,204167.000000,146.724511,75.306560,75.306560,1,server-measured,server,small-recon,results_server/results/small-recon/results.csv
ok,STAR,sil,cvrp,X-n247-k50,55823.000000,49.763911,82.233780,82.233780,1,server-measured,server,small-recon,results_server/results/small-recon/results.csv
ok,STAR,sil,cvrp,X-n251-k28,65572.000000,69.506773,63.158026,63.158026,1,server-measured,server,small-recon,results_server/results/small-recon/results.csv
ok,STAR,sil,cvrp,X-n256-k16,21043.000000,11.699135,118.869819,118.869819,1,server-measured,server,small-recon,results_server/results/small-recon/results.csv
ok,STAR,sil,cvrp,X-n261-k13,32489.000000,22.332254,124.498633,124.498633,1,server-measured,server,small-recon,results_server/results/small-recon/results.csv
ok,STAR,sil,cvrp,X-n266-k58,174717.000000,131.480696,95.839882,95.839882,1,server-measured,server,small-recon,results_server/results/small-recon/results.csv
ok,STAR,sil,cvrp,X-n270-k35,78179.000000,121.526735,63.016689,63.016689,1,server-measured,server,small-recon,results_server/results/small-recon/results.csv
ok,STAR,sil,cvrp,X-n275-k28,27684.000000,30.308308,71.696831,71.696831,1,server-measured,server,small-recon,results_server/results/small-recon/results.csv
ok,STAR,sil,cvrp,X-n280-k17,50280.000000,50.076113,161.075830,161.075830,1,server-measured,server,small-recon,results_server/results/small-recon/results.csv
ok,STAR,sil,cvrp,X-n284-k15,22675.000000,12.108178,119.678618,119.678618,1,server-measured,server,small-recon,results_server/results/small-recon/results.csv
ok,STAR,sil,cvrp,X-n289-k60,218765.000000,129.913506,105.018346,105.018346,1,server-measured,server,small-recon,results_server/results/small-recon/results.csv
ok,STAR,sil,cvrp,X-n294-k50,121452.000000,157.526346,86.889569,86.889569,1,server-measured,server,small-recon,results_server/results/small-recon/results.csv
ok,STAR,sil,cvrp,X-n298-k31,79209.000000,131.395519,90.228334,90.228334,1,server-measured,server,small-recon,results_server/results/small-recon/results.csv
ok,STAR,sil,cvrp,X-n303-k21,31068.000000,42.933382,102.381664,102.381664,1,server-measured,server,small-recon,results_server/results/small-recon/results.csv
ok,STAR,sil,cvrp,X-n308-k13,46804.000000,80.996945,193.984004,193.984004,1,server-measured,server,small-recon,results_server/results/small-recon/results.csv
ok,STAR,sil,cvrp,X-n313-k71,194360.000000,106.671416,89.929190,89.929190,1,server-measured,server,small-recon,results_server/results/small-recon/results.csv
ok,STAR,sil,cvrp,X-n317-k53,139757.000000,78.363857,83.907697,83.907697,1,server-measured,server,small-recon,results_server/results/small-recon/results.csv
ok,STAR,sil,cvrp,X-n322-k28,42915.000000,43.845948,95.495742,95.495742,1,server-measured,server,small-recon,results_server/results/small-recon/results.csv
ok,STAR,sil,cvrp,X-n327-k20,30957.000000,12.440070,134.648813,134.648813,1,server-measured,server,small-recon,results_server/results/small-recon/results.csv
ok,STAR,sil,cvrp,X-n331-k15,33160.000000,6.616938,186.015762,186.015762,1,server-measured,server,small-recon,results_server/results/small-recon/results.csv
ok,STAR,sil,cvrp,X-n336-k84,274851.000000,97.576755,99.974067,99.974067,1,server-measured,server,small-recon,results_server/results/small-recon/results.csv
ok,STAR,sil,cvrp,X-n344-k43,89135.000000,111.973841,76.807730,76.807730,1,server-measured,server,small-recon,results_server/results/small-recon/results.csv
ok,STAR,sil,cvrp,X-n351-k40,65697.000000,153.695551,101.128227,101.128227,1,server-measured,server,small-recon,results_server/results/small-recon/results.csv
ok,STAR,sil,cvrp,X-n359-k29,85127.000000,65.279099,103.610698,103.610698,1,server-measured,server,small-recon,results_server/results/small-recon/results.csv
ok,STAR,sil,cvrp,X-n367-k17,37493.000000,64.342071,204.062966,204.062966,1,server-measured,server,small-recon,results_server/results/small-recon/results.csv
ok,STAR,sil,cvrp,X-n376-k94,311548.000000,110.914408,122.683748,122.683748,1,server-measured,server,small-recon,results_server/results/small-recon/results.csv
ok,STAR,sil,cvrp,X-n384-k52,127233.000000,92.952684,78.180200,78.180200,1,server-measured,server,small-recon,results_server/results/small-recon/results.csv
ok,STAR,sil,cvrp,X-n393-k38,58145.000000,51.973340,99.060147,99.060147,1,server-measured,server,small-recon,results_server/results/small-recon/results.csv
ok,STAR,sil,cvrp,X-n401-k29,83525.000000,26.258427,187.272252,187.272252,1,server-measured,server,small-recon,results_server/results/small-recon/results.csv
ok,STAR,sil,cvrp,X-n411-k19,33427.000000,69.576907,199.579060,199.579060,1,server-measured,server,small-recon,results_server/results/small-recon/results.csv
ok,STAR,sil,cvrp,X-n420-k130,210976.000000,95.714206,114.598863,114.598863,1,server-measured,server,small-recon,results_server/results/small-recon/results.csv
ok,STAR,sil,cvrp,X-n429-k61,136405.000000,108.414185,85.230580,85.230580,1,server-measured,server,small-recon,results_server/results/small-recon/results.csv
ok,STAR,sil,cvrp,X-n439-k37,45028.000000,23.733890,119.330879,119.330879,1,server-measured,server,small-recon,results_server/results/small-recon/results.csv
ok,STAR,sil,cvrp,X-n449-k29,75092.000000,35.954954,137.267249,137.267249,1,server-measured,server,small-recon,results_server/results/small-recon/results.csv
ok,STAR,sil,cvrp,X-n459-k26,27809.000000,15.203612,178.924070,178.924070,1,server-measured,server,small-recon,results_server/results/small-recon/results.csv
ok,STAR,sil,cvrp,X-n469-k138,483974.000000,118.179277,138.797785,138.797785,1,server-measured,server,small-recon,results_server/results/small-recon/results.csv
ok,STAR,sil,cvrp,X-n480-k70,174113.000000,94.650583,95.175275,95.175275,1,server-measured,server,small-recon,results_server/results/small-recon/results.csv
ok,STAR,sil,cvrp,X-n491-k59,153535.000000,130.938736,126.470598,126.470598,1,server-measured,server,small-recon,results_server/results/small-recon/results.csv
ok,STAR,sil,cvrp,X-n502-k39,73777.000000,6.574120,128.149724,128.149724,1,server-measured,server,small-recon,results_server/results/small-recon/results.csv
ok,STAR,sil,cvrp,X-n513-k21,26892.000000,11.119375,261.782865,261.782865,1,server-measured,server,small-recon,results_server/results/small-recon/results.csv
ok,STAR,sil,cvrp,X-n524-k153,216251.000000,39.884083,143.370694,143.370694,1,server-measured,server,small-recon,results_server/results/small-recon/results.csv
ok,STAR,sil,cvrp,X-n536-k96,241813.000000,154.953293,134.994150,134.994150,1,server-measured,server,small-recon,results_server/results/small-recon/results.csv
ok,STAR,sil,cvrp,X-n548-k50,105790.000000,22.018454,115.557230,115.557230,1,server-measured,server,small-recon,results_server/results/small-recon/results.csv
ok,STAR,sil,cvrp,X-n561-k42,74070.000000,73.397008,160.141044,160.141044,1,server-measured,server,small-recon,results_server/results/small-recon/results.csv
ok,STAR,sil,cvrp,X-n573-k30,82879.000000,63.556529,182.661124,182.661124,1,server-measured,server,small-recon,results_server/results/small-recon/results.csv
ok,STAR,sil,cvrp,X-n586-k159,444698.000000,133.662961,129.474432,129.474432,1,server-measured,server,small-recon,results_server/results/small-recon/results.csv
ok,STAR,sil,cvrp,X-n599-k92,208770.000000,92.501683,118.509928,118.509928,1,server-measured,server,small-recon,results_server/results/small-recon/results.csv
ok,STAR,sil,cvrp,X-n613-k62,133229.000000,123.782649,138.101660,138.101660,1,server-measured,server,small-recon,results_server/results/small-recon/results.csv
ok,STAR,sil,cvrp,X-n627-k43,73530.000000,18.283894,164.490372,164.490372,1,server-measured,server,small-recon,results_server/results/small-recon/results.csv
ok,STAR,sil,cvrp,X-n641-k35,68512.000000,7.581182,217.318778,217.318778,1,server-measured,server,small-recon,results_server/results/small-recon/results.csv
ok,STAR,sil,cvrp,X-n655-k131,252179.000000,136.166885,194.986596,194.986596,1,server-measured,server,small-recon,results_server/results/small-recon/results.csv
ok,STAR,sil,cvrp,X-n670-k130,223387.000000,52.657655,182.006680,182.006680,1,server-measured,server,small-recon,results_server/results/small-recon/results.csv
ok,STAR,sil,cvrp,X-n685-k75,139606.000000,104.685873,168.505395,168.505395,1,server-measured,server,small-recon,results_server/results/small-recon/results.csv
ok,STAR,sil,cvrp,X-n701-k44,99915.000000,21.962086,196.402771,196.402771,1,server-measured,server,small-recon,results_server/results/small-recon/results.csv
ok,STAR,sil,cvrp,X-n716-k35,50469.000000,16.360409,212.919149,212.919149,1,server-measured,server,small-recon,results_server/results/small-recon/results.csv
ok,STAR,sil,cvrp,X-n733-k159,348727.000000,156.064823,182.194577,182.194577,1,server-measured,server,small-recon,results_server/results/small-recon/results.csv
ok,STAR,sil,cvrp,X-n749-k98,216244.000000,179.858676,204.933276,204.933276,1,server-measured,server,small-recon,results_server/results/small-recon/results.csv
ok,STAR,sil,cvrp,X-n766-k71,174651.000000,52.644275,242.456907,242.456907,1,server-measured,server,small-recon,results_server/results/small-recon/results.csv
ok,STAR,sil,cvrp,X-n783-k48,91628.000000,26.582488,217.580333,217.580333,1,server-measured,server,small-recon,results_server/results/small-recon/results.csv
ok,STAR,sil,cvrp,X-n801-k40,78514.000000,7.097161,299.240142,299.240142,1,server-measured,server,small-recon,results_server/results/small-recon/results.csv
ok,STAR,sil,cvrp,X-n819-k171,423547.000000,167.862586,200.943564,200.943564,1,server-measured,server,small-recon,results_server/results/small-recon/results.csv
ok,STAR,sil,cvrp,X-n837-k142,387814.000000,100.175496,222.581549,222.581549,1,server-measured,server,small-recon,results_server/results/small-recon/results.csv
ok,STAR,sil,cvrp,X-n856-k95,153026.000000,72.006969,163.521445,163.521445,1,server-measured,server,small-recon,results_server/results/small-recon/results.csv
ok,STAR,sil,cvrp,X-n876-k59,133277.000000,34.217867,220.463938,220.463938,1,server-measured,server,small-recon,results_server/results/small-recon/results.csv
ok,STAR,sil,cvrp,X-n895-k37,58484.000000,8.585221,391.096892,391.096892,1,server-measured,server,small-recon,results_server/results/small-recon/results.csv
ok,STAR,sil,cvrp,X-n916-k207,738329.000000,124.294077,251.381768,251.381768,1,server-measured,server,small-recon,results_server/results/small-recon/results.csv
ok,STAR,sil,cvrp,X-n936-k151,221144.000000,66.630750,243.036875,243.036875,1,server-measured,server,small-recon,results_server/results/small-recon/results.csv
ok,STAR,sil,cvrp,X-n957-k87,109183.000000,27.751711,201.794266,201.794266,1,server-measured,server,small-recon,results_server/results/small-recon/results.csv
ok,STAR,sil,cvrp,X-n979-k58,131989.000000,10.937500,256.442675,256.442675,1,server-measured,server,small-recon,results_server/results/small-recon/results.csv
ok,STAR,sil,tsp,dj38,6656.000000,0.000000,22.378456,22.378456,1,server-measured,server,small-sampling,results_server/results/small-sampling/results.csv
ok,STAR,sil,tsp,lu980,11529.000000,1.666667,28.076959,28.076959,1,server-measured,server,small-sampling,results_server/results/small-sampling/results.csv
ok,STAR,sil,tsp,qa194,9359.000000,0.074850,26.468357,26.468357,1,server-measured,server,small-sampling,results_server/results/small-sampling/results.csv
ok,STAR,sil,tsp,uy734,79625.000000,0.645903,40.437264,40.437264,1,server-measured,server,small-sampling,results_server/results/small-sampling/results.csv
ok,STAR,sil,tsp,wi29,27603.000000,0.000000,16.707003,16.707003,1,server-measured,server,small-sampling,results_server/results/small-sampling/results.csv
ok,STAR,sil,tsp,zi929,96331.000000,1.034139,44.720150,44.720150,1,server-measured,server,small-sampling,results_server/results/small-sampling/results.csv
ok,STAR,sil,tsp,a280,2579.000000,0.000000,42.183176,42.183176,1,server-measured,server,small-sampling,results_server/results/small-sampling/results.csv
ok,STAR,sil,tsp,berlin52,7542.000000,0.000000,30.868523,30.868523,1,server-measured,server,small-sampling,results_server/results/small-sampling/results.csv
ok,STAR,sil,tsp,bier127,118728.000000,0.377065,32.819491,32.819491,1,server-measured,server,small-sampling,results_server/results/small-sampling/results.csv
ok,STAR,sil,tsp,ch130,6110.000000,0.000000,41.728216,41.728216,1,server-measured,server,small-sampling,results_server/results/small-sampling/results.csv
ok,STAR,sil,tsp,ch150,6549.000000,0.321691,52.191627,52.191627,1,server-measured,server,small-sampling,results_server/results/small-sampling/results.csv
ok,STAR,sil,tsp,d198,15781.000000,0.006337,32.214495,32.214495,1,server-measured,server,small-sampling,results_server/results/small-sampling/results.csv
ok,STAR,sil,tsp,d493,35289.000000,0.819953,40.145172,40.145172,1,server-measured,server,small-sampling,results_server/results/small-sampling/results.csv
ok,STAR,sil,tsp,d657,49344.000000,0.883219,39.781584,39.781584,1,server-measured,server,small-sampling,results_server/results/small-sampling/results.csv
ok,STAR,sil,tsp,eil101,629.000000,0.000000,45.703889,45.703889,1,server-measured,server,small-sampling,results_server/results/small-sampling/results.csv
ok,STAR,sil,tsp,eil51,426.000000,0.000000,30.014558,30.014558,1,server-measured,server,small-sampling,results_server/results/small-sampling/results.csv
ok,STAR,sil,tsp,eil76,538.000000,0.000000,43.559852,43.559852,1,server-measured,server,small-sampling,results_server/results/small-sampling/results.csv
ok,STAR,sil,tsp,fl417,11881.000000,0.168620,44.946106,44.946106,1,server-measured,server,small-sampling,results_server/results/small-sampling/results.csv
ok,STAR,sil,tsp,gil262,2385.000000,0.294365,61.309212,61.309212,1,server-measured,server,small-sampling,results_server/results/small-sampling/results.csv
ok,STAR,sil,tsp,kroA100,21282.000000,0.000000,57.485960,57.485960,1,server-measured,server,small-sampling,results_server/results/small-sampling/results.csv
ok,STAR,sil,tsp,kroA150,26524.000000,0.000000,69.969652,69.969652,1,server-measured,server,small-sampling,results_server/results/small-sampling/results.csv
ok,STAR,sil,tsp,kroA200,29368.000000,0.000000,45.039135,45.039135,1,server-measured,server,small-sampling,results_server/results/small-sampling/results.csv
ok,STAR,sil,tsp,kroB100,22199.000000,0.261957,56.645276,56.645276,1,server-measured,server,small-sampling,results_server/results/small-sampling/results.csv
ok,STAR,sil,tsp,kroB150,26132.000000,0.007654,54.518863,54.518863,1,server-measured,server,small-sampling,results_server/results/small-sampling/results.csv
ok,STAR,sil,tsp,kroB200,29452.000000,0.050956,43.063669,43.063669,1,server-measured,server,small-sampling,results_server/results/small-sampling/results.csv
ok,STAR,sil,tsp,kroC100,20749.000000,0.000000,56.197836,56.197836,1,server-measured,server,small-sampling,results_server/results/small-sampling/results.csv
ok,STAR,sil,tsp,kroD100,21294.000000,0.000000,57.232753,57.232753,1,server-measured,server,small-sampling,results_server/results/small-sampling/results.csv
ok,STAR,sil,tsp,kroE100,22121.000000,0.240167,54.239004,54.239004,1,server-measured,server,small-sampling,results_server/results/small-sampling/results.csv
ok,STAR,sil,tsp,lin105,14379.000000,0.000000,59.560983,59.560983,1,server-measured,server,small-sampling,results_server/results/small-sampling/results.csv
ok,STAR,sil,tsp,lin318,42248.000000,0.521069,35.906871,35.906871,1,server-measured,server,small-sampling,results_server/results/small-sampling/results.csv
ok,STAR,sil,tsp,p654,35732.000000,3.143492,35.646537,35.646537,1,server-measured,server,small-sampling,results_server/results/small-sampling/results.csv
ok,STAR,sil,tsp,pcb442,51116.000000,0.665643,51.877446,51.877446,1,server-measured,server,small-sampling,results_server/results/small-sampling/results.csv
ok,STAR,sil,tsp,pr107,44303.000000,0.000000,21.779864,21.779864,1,server-measured,server,small-sampling,results_server/results/small-sampling/results.csv
ok,STAR,sil,tsp,pr124,59030.000000,0.000000,48.182569,48.182569,1,server-measured,server,small-sampling,results_server/results/small-sampling/results.csv
ok,STAR,sil,tsp,pr136,96772.000000,0.000000,42.569422,42.569422,1,server-measured,server,small-sampling,results_server/results/small-sampling/results.csv
ok,STAR,sil,tsp,pr144,58537.000000,0.000000,50.798820,50.798820,1,server-measured,server,small-sampling,results_server/results/small-sampling/results.csv
ok,STAR,sil,tsp,pr152,73818.000000,0.184577,45.656920,45.656920,1,server-measured,server,small-sampling,results_server/results/small-sampling/results.csv
ok,STAR,sil,tsp,pr226,80369.000000,0.000000,75.964874,75.964874,1,server-measured,server,small-sampling,results_server/results/small-sampling/results.csv
ok,STAR,sil,tsp,pr264,49135.000000,0.000000,94.004505,94.004505,1,server-measured,server,small-sampling,results_server/results/small-sampling/results.csv
ok,STAR,sil,tsp,pr299,48213.000000,0.045652,41.890083,41.890083,1,server-measured,server,small-sampling,results_server/results/small-sampling/results.csv
ok,STAR,sil,tsp,pr439,107292.000000,0.069952,41.990576,41.990576,1,server-measured,server,small-sampling,results_server/results/small-sampling/results.csv
ok,STAR,sil,tsp,pr76,108159.000000,0.000000,43.091566,43.091566,1,server-measured,server,small-sampling,results_server/results/small-sampling/results.csv
ok,STAR,sil,tsp,rat195,2329.000000,0.258287,46.181294,46.181294,1,server-measured,server,small-sampling,results_server/results/small-sampling/results.csv
ok,STAR,sil,tsp,rat575,6825.000000,0.767754,37.963857,37.963857,1,server-measured,server,small-sampling,results_server/results/small-sampling/results.csv
ok,STAR,sil,tsp,rat783,8863.000000,0.647286,49.927298,49.927298,1,server-measured,server,small-sampling,results_server/results/small-sampling/results.csv
ok,STAR,sil,tsp,rat99,1211.000000,0.000000,54.011098,54.011098,1,server-measured,server,small-sampling,results_server/results/small-sampling/results.csv
ok,STAR,sil,tsp,rd100,7910.000000,0.000000,52.013724,52.013724,1,server-measured,server,small-sampling,results_server/results/small-sampling/results.csv
ok,STAR,sil,tsp,rd400,15311.000000,0.196322,48.355767,48.355767,1,server-measured,server,small-sampling,results_server/results/small-sampling/results.csv
ok,STAR,sil,tsp,st70,675.000000,0.000000,39.754845,39.754845,1,server-measured,server,small-sampling,results_server/results/small-sampling/results.csv
ok,STAR,sil,tsp,ts225,126643.000000,0.000000,33.789436,33.789436,1,server-measured,server,small-sampling,results_server/results/small-sampling/results.csv
ok,STAR,sil,tsp,tsp225,3916.000000,0.000000,54.607436,54.607436,1,server-measured,server,small-sampling,results_server/results/small-sampling/results.csv
ok,STAR,sil,tsp,u159,42080.000000,0.000000,87.483923,87.483923,1,server-measured,server,small-sampling,results_server/results/small-sampling/results.csv
ok,STAR,sil,tsp,u574,37224.000000,0.864382,42.845604,42.845604,1,server-measured,server,small-sampling,results_server/results/small-sampling/results.csv
ok,STAR,sil,tsp,u724,42166.000000,0.610833,49.258565,49.258565,1,server-measured,server,small-sampling,results_server/results/small-sampling/results.csv
ok,STAR,sil,tsp,bcl380,1632.000000,0.678593,48.067434,48.067434,1,server-measured,server,small-sampling,results_server/results/small-sampling/results.csv
ok,STAR,sil,tsp,dkg813,3229.000000,0.937793,52.009103,52.009103,1,server-measured,server,small-sampling,results_server/results/small-sampling/results.csv
ok,STAR,sil,tsp,lim963,2814.000000,0.896379,55.688602,55.688602,1,server-measured,server,small-sampling,results_server/results/small-sampling/results.csv
ok,STAR,sil,tsp,pbd984,2831.000000,1.215588,42.408628,42.408628,1,server-measured,server,small-sampling,results_server/results/small-sampling/results.csv
ok,STAR,sil,tsp,pbk411,1359.000000,1.191363,40.388126,40.388126,1,server-measured,server,small-sampling,results_server/results/small-sampling/results.csv
ok,STAR,sil,tsp,pbl395,1299.000000,1.405152,37.627187,37.627187,1,server-measured,server,small-sampling,results_server/results/small-sampling/results.csv
ok,STAR,sil,tsp,pbm436,1451.000000,0.554401,39.389793,39.389793,1,server-measured,server,small-sampling,results_server/results/small-sampling/results.csv
ok,STAR,sil,tsp,pbn423,1372.000000,0.512821,41.619556,41.619556,1,server-measured,server,small-sampling,results_server/results/small-sampling/results.csv
ok,STAR,sil,tsp,pka379,1332.000000,0.000000,81.167165,81.167165,1,server-measured,server,small-sampling,results_server/results/small-sampling/results.csv
ok,STAR,sil,tsp,pma343,1369.000000,0.073099,62.868600,62.868600,1,server-measured,server,small-sampling,results_server/results/small-sampling/results.csv
ok,STAR,sil,tsp,rbu737,3338.000000,0.724200,42.522084,42.522084,1,server-measured,server,small-sampling,results_server/results/small-sampling/results.csv
ok,STAR,sil,tsp,rbx711,3127.000000,0.385233,55.141214,55.141214,1,server-measured,server,small-sampling,results_server/results/small-sampling/results.csv
ok,STAR,sil,tsp,xqf131,565.000000,0.177305,42.385514,42.385514,1,server-measured,server,small-sampling,results_server/results/small-sampling/results.csv
ok,STAR,sil,tsp,xqg237,1024.000000,0.490677,62.223249,62.223249,1,server-measured,server,small-sampling,results_server/results/small-sampling/results.csv
ok,STAR,sil,tsp,xql662,2527.000000,0.557103,49.432507,49.432507,1,server-measured,server,small-sampling,results_server/results/small-sampling/results.csv
ok,STAR,sil,cvrp,X-n101-k25,28150.000000,2.026023,40.304693,40.304693,1,server-measured,server,small-sampling,results_server/results/small-sampling/results.csv
ok,STAR,sil,cvrp,X-n106-k14,26526.000000,0.622108,39.207492,39.207492,1,server-measured,server,small-sampling,results_server/results/small-sampling/results.csv
ok,STAR,sil,cvrp,X-n110-k13,15104.000000,0.888384,50.496416,50.496416,1,server-measured,server,small-sampling,results_server/results/small-sampling/results.csv
ok,STAR,sil,cvrp,X-n115-k10,12760.000000,0.101985,76.460936,76.460936,1,server-measured,server,small-sampling,results_server/results/small-sampling/results.csv
ok,STAR,sil,cvrp,X-n120-k6,13588.000000,1.920192,95.934179,95.934179,1,server-measured,server,small-sampling,results_server/results/small-sampling/results.csv
ok,STAR,sil,cvrp,X-n125-k30,56592.000000,1.895965,44.692762,44.692762,1,server-measured,server,small-sampling,results_server/results/small-sampling/results.csv
ok,STAR,sil,cvrp,X-n129-k18,29488.000000,1.893573,48.936942,48.936942,1,server-measured,server,small-sampling,results_server/results/small-sampling/results.csv
ok,STAR,sil,cvrp,X-n134-k13,11140.000000,2.052034,56.303765,56.303765,1,server-measured,server,small-sampling,results_server/results/small-sampling/results.csv
ok,STAR,sil,cvrp,X-n139-k10,13728.000000,1.015453,81.330880,81.330880,1,server-measured,server,small-sampling,results_server/results/small-sampling/results.csv
ok,STAR,sil,cvrp,X-n143-k7,16270.000000,3.630573,103.850026,103.850026,1,server-measured,server,small-sampling,results_server/results/small-sampling/results.csv
ok,STAR,sil,cvrp,X-n148-k46,43829.000000,0.876910,45.983221,45.983221,1,server-measured,server,small-sampling,results_server/results/small-sampling/results.csv
ok,STAR,sil,cvrp,X-n153-k22,22053.000000,3.925542,63.178313,63.178313,1,server-measured,server,small-sampling,results_server/results/small-sampling/results.csv
ok,STAR,sil,cvrp,X-n157-k13,17024.000000,0.876985,80.497906,80.497906,1,server-measured,server,small-sampling,results_server/results/small-sampling/results.csv
ok,STAR,sil,cvrp,X-n162-k11,14311.000000,1.223653,98.651784,98.651784,1,server-measured,server,small-sampling,results_server/results/small-sampling/results.csv
ok,STAR,sil,cvrp,X-n167-k10,21200.000000,3.127888,101.433568,101.433568,1,server-measured,server,small-sampling,results_server/results/small-sampling/results.csv
ok,STAR,sil,cvrp,X-n172-k51,45934.000000,0.716995,52.701743,52.701743,1,server-measured,server,small-sampling,results_server/results/small-sampling/results.csv
ok,STAR,sil,cvrp,X-n176-k26,48933.000000,2.344600,66.916793,66.916793,1,server-measured,server,small-sampling,results_server/results/small-sampling/results.csv
ok,STAR,sil,cvrp,X-n181-k23,25759.000000,0.743087,58.545203,58.545203,1,server-measured,server,small-sampling,results_server/results/small-sampling/results.csv
ok,STAR,sil,cvrp,X-n186-k15,24589.000000,1.838890,86.799752,86.799752,1,server-measured,server,small-sampling,results_server/results/small-sampling/results.csv
ok,STAR,sil,cvrp,X-n190-k8,17426.000000,2.626620,102.029785,102.029785,1,server-measured,server,small-sampling,results_server/results/small-sampling/results.csv
ok,STAR,sil,cvrp,X-n195-k51,44755.000000,1.198417,55.455521,55.455521,1,server-measured,server,small-sampling,results_server/results/small-sampling/results.csv
ok,STAR,sil,cvrp,X-n200-k36,60027.000000,2.473625,55.212403,55.212403,1,server-measured,server,small-sampling,results_server/results/small-sampling/results.csv
ok,STAR,sil,cvrp,X-n204-k19,19918.000000,1.804242,86.766331,86.766331,1,server-measured,server,small-sampling,results_server/results/small-sampling/results.csv
ok,STAR,sil,cvrp,X-n209-k16,31696.000000,3.392484,93.628548,93.628548,1,server-measured,server,small-sampling,results_server/results/small-sampling/results.csv
ok,STAR,sil,cvrp,X-n214-k11,11298.000000,4.071481,102.956369,102.956369,1,server-measured,server,small-sampling,results_server/results/small-sampling/results.csv
ok,STAR,sil,cvrp,X-n219-k73,117751.000000,0.132659,61.505888,61.505888,1,server-measured,server,small-sampling,results_server/results/small-sampling/results.csv
ok,STAR,sil,cvrp,X-n223-k34,41490.000000,2.604051,67.539864,67.539864,1,server-measured,server,small-sampling,results_server/results/small-sampling/results.csv
ok,STAR,sil,cvrp,X-n228-k23,26244.000000,1.950120,86.557540,86.557540,1,server-measured,server,small-sampling,results_server/results/small-sampling/results.csv
ok,STAR,sil,cvrp,X-n233-k16,19865.000000,3.302132,143.659878,143.659878,1,server-measured,server,small-sampling,results_server/results/small-sampling/results.csv
ok,STAR,sil,cvrp,X-n237-k14,27435.000000,1.453295,133.656884,133.656884,1,server-measured,server,small-sampling,results_server/results/small-sampling/results.csv
ok,STAR,sil,cvrp,X-n242-k48,84110.000000,1.642276,62.492507,62.492507,1,server-measured,server,small-sampling,results_server/results/small-sampling/results.csv
ok,STAR,sil,cvrp,X-n247-k50,38695.000000,3.812309,74.604523,74.604523,1,server-measured,server,small-sampling,results_server/results/small-sampling/results.csv
ok,STAR,sil,cvrp,X-n251-k28,39565.000000,2.277427,80.377873,80.377873,1,server-measured,server,small-sampling,results_server/results/small-sampling/results.csv
ok,STAR,sil,cvrp,X-n256-k16,19245.000000,2.155104,135.837015,135.837015,1,server-measured,server,small-sampling,results_server/results/small-sampling/results.csv
ok,STAR,sil,cvrp,X-n261-k13,27450.000000,3.358687,129.425980,129.425980,1,server-measured,server,small-sampling,results_server/results/small-sampling/results.csv
ok,STAR,sil,cvrp,X-n266-k58,77217.000000,2.303983,68.059360,68.059360,1,server-measured,server,small-sampling,results_server/results/small-sampling/results.csv
ok,STAR,sil,cvrp,X-n270-k35,35774.000000,1.368621,75.979633,75.979633,1,server-measured,server,small-sampling,results_server/results/small-sampling/results.csv
ok,STAR,sil,cvrp,X-n275-k28,21578.000000,1.567428,91.281472,91.281472,1,server-measured,server,small-sampling,results_server/results/small-sampling/results.csv
ok,STAR,sil,cvrp,X-n280-k17,34203.000000,2.089365,114.395584,114.395584,1,server-measured,server,small-sampling,results_server/results/small-sampling/results.csv
ok,STAR,sil,cvrp,X-n284-k15,21102.000000,4.331059,132.979162,132.979162,1,server-measured,server,small-sampling,results_server/results/small-sampling/results.csv
ok,STAR,sil,cvrp,X-n289-k60,97727.000000,2.707276,78.796664,78.796664,1,server-measured,server,small-sampling,results_server/results/small-sampling/results.csv
ok,STAR,sil,cvrp,X-n294-k50,47955.000000,1.683594,74.105205,74.105205,1,server-measured,server,small-sampling,results_server/results/small-sampling/results.csv
ok,STAR,sil,cvrp,X-n298-k31,35451.000000,3.564021,99.359222,99.359222,1,server-measured,server,small-sampling,results_server/results/small-sampling/results.csv
ok,STAR,sil,cvrp,X-n303-k21,22306.000000,2.622378,118.148182,118.148182,1,server-measured,server,small-sampling,results_server/results/small-sampling/results.csv
ok,STAR,sil,cvrp,X-n308-k13,26646.000000,3.043428,167.270283,167.270283,1,server-measured,server,small-sampling,results_server/results/small-sampling/results.csv
ok,STAR,sil,cvrp,X-n313-k71,96485.000000,2.596684,80.075901,80.075901,1,server-measured,server,small-sampling,results_server/results/small-sampling/results.csv
ok,STAR,sil,cvrp,X-n317-k53,78725.000000,0.472210,74.287514,74.287514,1,server-measured,server,small-sampling,results_server/results/small-sampling/results.csv
ok,STAR,sil,cvrp,X-n322-k28,30526.000000,2.319501,118.221209,118.221209,1,server-measured,server,small-sampling,results_server/results/small-sampling/results.csv
ok,STAR,sil,cvrp,X-n327-k20,28259.000000,2.640564,149.989971,149.989971,1,server-measured,server,small-sampling,results_server/results/small-sampling/results.csv
ok,STAR,sil,cvrp,X-n331-k15,31898.000000,2.559321,190.985444,190.985444,1,server-measured,server,small-sampling,results_server/results/small-sampling/results.csv
ok,STAR,sil,cvrp,X-n336-k84,142569.000000,2.485785,89.409872,89.409872,1,server-measured,server,small-sampling,results_server/results/small-sampling/results.csv
ok,STAR,sil,cvrp,X-n344-k43,42899.000000,2.019025,93.956211,93.956211,1,server-measured,server,small-sampling,results_server/results/small-sampling/results.csv
ok,STAR,sil,cvrp,X-n351-k40,26934.000000,4.008341,94.181878,94.181878,1,server-measured,server,small-sampling,results_server/results/small-sampling/results.csv
ok,STAR,sil,cvrp,X-n359-k29,52973.000000,2.850209,108.323942,108.323942,1,server-measured,server,small-sampling,results_server/results/small-sampling/results.csv
ok,STAR,sil,cvrp,X-n367-k17,23837.000000,4.484089,183.772601,183.772601,1,server-measured,server,small-sampling,results_server/results/small-sampling/results.csv
ok,STAR,sil,cvrp,X-n376-k94,148328.000000,0.416348,90.578827,90.578827,1,server-measured,server,small-sampling,results_server/results/small-sampling/results.csv
ok,STAR,sil,cvrp,X-n384-k52,67588.000000,2.499242,94.613900,94.613900,1,server-measured,server,small-sampling,results_server/results/small-sampling/results.csv
ok,STAR,sil,cvrp,X-n393-k38,39331.000000,2.799268,114.605013,114.605013,1,server-measured,server,small-sampling,results_server/results/small-sampling/results.csv
ok,STAR,sil,cvrp,X-n401-k29,67696.000000,2.330925,201.040239,201.040239,1,server-measured,server,small-sampling,results_server/results/small-sampling/results.csv
ok,STAR,sil,cvrp,X-n411-k19,20478.000000,3.885958,185.051601,185.051601,1,server-measured,server,small-sampling,results_server/results/small-sampling/results.csv
ok,STAR,sil,cvrp,X-n420-k130,109704.000000,1.768122,90.567113,90.567113,1,server-measured,server,small-sampling,results_server/results/small-sampling/results.csv
ok,STAR,sil,cvrp,X-n429-k61,67080.000000,2.492017,100.532464,100.532464,1,server-measured,server,small-sampling,results_server/results/small-sampling/results.csv
ok,STAR,sil,cvrp,X-n439-k37,36970.000000,1.591053,153.733947,153.733947,1,server-measured,server,small-sampling,results_server/results/small-sampling/results.csv
ok,STAR,sil,cvrp,X-n449-k29,57472.000000,4.053736,144.590076,144.590076,1,server-measured,server,small-sampling,results_server/results/small-sampling/results.csv
ok,STAR,sil,cvrp,X-n459-k26,25068.000000,3.848544,181.401849,181.401849,1,server-measured,server,small-sampling,results_server/results/small-sampling/results.csv
ok,STAR,sil,cvrp,X-n469-k138,228346.000000,2.940169,110.511568,110.511568,1,server-measured,server,small-sampling,results_server/results/small-sampling/results.csv
ok,STAR,sil,cvrp,X-n480-k70,91561.000000,2.361122,106.759290,106.759290,1,server-measured,server,small-sampling,results_server/results/small-sampling/results.csv
ok,STAR,sil,cvrp,X-n491-k59,68727.000000,3.375299,116.091648,116.091648,1,server-measured,server,small-sampling,results_server/results/small-sampling/results.csv
ok,STAR,sil,cvrp,X-n502-k39,69789.000000,0.813278,161.589110,161.589110,1,server-measured,server,small-sampling,results_server/results/small-sampling/results.csv
ok,STAR,sil,cvrp,X-n513-k21,24838.000000,2.632123,272.301895,272.301895,1,server-measured,server,small-sampling,results_server/results/small-sampling/results.csv
ok,STAR,sil,cvrp,X-n524-k153,157562.000000,1.920527,120.512124,120.512124,1,server-measured,server,small-sampling,results_server/results/small-sampling/results.csv
ok,STAR,sil,cvrp,X-n536-k96,98152.000000,3.485650,132.645921,132.645921,1,server-measured,server,small-sampling,results_server/results/small-sampling/results.csv
ok,STAR,sil,cvrp,X-n548-k50,88164.000000,1.688581,144.774875,144.774875,1,server-measured,server,small-sampling,results_server/results/small-sampling/results.csv
ok,STAR,sil,cvrp,X-n561-k42,44208.000000,3.490414,176.132105,176.132105,1,server-measured,server,small-sampling,results_server/results/small-sampling/results.csv
ok,STAR,sil,cvrp,X-n573-k30,51728.000000,2.081977,168.584535,168.584535,1,server-measured,server,small-sampling,results_server/results/small-sampling/results.csv
ok,STAR,sil,cvrp,X-n586-k159,195162.000000,2.546291,121.765897,121.765897,1,server-measured,server,small-sampling,results_server/results/small-sampling/results.csv
ok,STAR,sil,cvrp,X-n599-k92,111824.000000,3.110160,128.918522,128.918522,1,server-measured,server,small-sampling,results_server/results/small-sampling/results.csv
ok,STAR,sil,cvrp,X-n613-k62,61664.000000,3.576048,145.915722,145.915722,1,server-measured,server,small-sampling,results_server/results/small-sampling/results.csv
ok,STAR,sil,cvrp,X-n627-k43,64179.000000,3.241426,180.714958,180.714958,1,server-measured,server,small-sampling,results_server/results/small-sampling/results.csv
ok,STAR,sil,cvrp,X-n641-k35,65832.000000,3.372904,220.843200,220.843200,1,server-measured,server,small-sampling,results_server/results/small-sampling/results.csv
ok,STAR,sil,cvrp,X-n655-k131,107521.000000,0.693950,135.302758,135.302758,1,server-measured,server,small-sampling,results_server/results/small-sampling/results.csv
ok,STAR,sil,cvrp,X-n670-k130,152615.000000,4.293661,159.425774,159.425774,1,server-measured,server,small-sampling,results_server/results/small-sampling/results.csv
ok,STAR,sil,cvrp,X-n685-k75,70562.000000,3.455758,177.123982,177.123982,1,server-measured,server,small-sampling,results_server/results/small-sampling/results.csv
ok,STAR,sil,cvrp,X-n701-k44,84850.000000,3.572867,196.153403,196.153403,1,server-measured,server,small-sampling,results_server/results/small-sampling/results.csv
ok,STAR,sil,cvrp,X-n716-k35,45203.000000,4.219215,215.602154,215.602154,1,server-measured,server,small-sampling,results_server/results/small-sampling/results.csv
ok,STAR,sil,cvrp,X-n733-k159,138700.000000,1.845257,145.706730,145.706730,1,server-measured,server,small-sampling,results_server/results/small-sampling/results.csv
ok,STAR,sil,cvrp,X-n749-k98,80067.000000,3.621116,162.638511,162.638511,1,server-measured,server,small-sampling,results_server/results/small-sampling/results.csv
ok,STAR,sil,cvrp,X-n766-k71,117778.000000,2.937501,188.318409,188.318409,1,server-measured,server,small-sampling,results_server/results/small-sampling/results.csv
ok,STAR,sil,cvrp,X-n783-k48,75538.000000,4.354433,248.678280,248.678280,1,server-measured,server,small-sampling,results_server/results/small-sampling/results.csv
ok,STAR,sil,cvrp,X-n801-k40,75471.000000,2.946352,282.344142,282.344142,1,server-measured,server,small-sampling,results_server/results/small-sampling/results.csv
ok,STAR,sil,cvrp,X-n819-k171,163024.000000,3.100790,167.446615,167.446615,1,server-measured,server,small-sampling,results_server/results/small-sampling/results.csv
ok,STAR,sil,cvrp,X-n837-k142,198215.000000,2.311381,170.925435,170.925435,1,server-measured,server,small-sampling,results_server/results/small-sampling/results.csv
ok,STAR,sil,cvrp,X-n856-k95,91174.000000,2.482999,202.035508,202.035508,1,server-measured,server,small-sampling,results_server/results/small-sampling/results.csv
ok,STAR,sil,cvrp,X-n876-k59,102763.000000,3.488454,218.700381,218.700381,1,server-measured,server,small-sampling,results_server/results/small-sampling/results.csv
ok,STAR,sil,cvrp,X-n895-k37,56421.000000,4.754920,400.781571,400.781571,1,server-measured,server,small-sampling,results_server/results/small-sampling/results.csv
ok,STAR,sil,cvrp,X-n916-k207,338882.000000,2.947636,195.197748,195.197748,1,server-measured,server,small-sampling,results_server/results/small-sampling/results.csv
ok,STAR,sil,cvrp,X-n936-k151,139779.000000,5.322684,205.329290,205.329290,1,server-measured,server,small-sampling,results_server/results/small-sampling/results.csv
ok,STAR,sil,cvrp,X-n957-k87,87338.000000,2.191540,242.708577,242.708577,1,server-measured,server,small-sampling,results_server/results/small-sampling/results.csv
ok,STAR,sil,cvrp,X-n979-k58,122144.000000,2.662722,279.441067,279.441067,1,server-measured,server,small-sampling,results_server/results/small-sampling/results.csv
ok,STAR,nearest,tsp,wi29,32164,16.523566,0.001037,0.001106,1.06688592297,local-divided-by-medium-main-tsp-ratio,local,20260504_232902,results/20260504_232902/results.csv
ok,STAR,sil,tsp,portcgen-1000-1000,12425336.000000,9.114489,1.813049,1.934316,1.06688592297,local-divided-by-medium-main-tsp-ratio,local,20260504_234517,results/20260504_234517/results.csv
ok,STAR,sil,tsp,portcgen-1000-10001,12371288.000000,8.741990,1.352626,1.443098,1.06688592297,local-divided-by-medium-main-tsp-ratio,local,20260504_234517,results/20260504_234517/results.csv
ok,STAR,sil,tsp,portcgen-1000-10002,11960450.000000,10.183451,1.361221,1.452267,1.06688592297,local-divided-by-medium-main-tsp-ratio,local,20260504_234517,results/20260504_234517/results.csv
ok,STAR,sil,tsp,portcgen-1000-10003,13003558.000000,9.398099,1.597316,1.704154,1.06688592297,local-divided-by-medium-main-tsp-ratio,local,20260504_234517,results/20260504_234517/results.csv
ok,STAR,sil,tsp,portcgen-1000-10004,12616089.000000,9.705522,1.457417,1.554898,1.06688592297,local-divided-by-medium-main-tsp-ratio,local,20260504_234517,results/20260504_234517/results.csv
ok,STAR,sil,tsp,wi29,32164,16.523566,0.001113,0.001187,1.06688592297,local-divided-by-medium-main-tsp-ratio,local,20260504_234712,results/20260504_234712/results.csv
ok,STAR,sil,tsp,dj38,6800,2.163462,0.000531,0.000566,1.06688592297,local-divided-by-medium-main-tsp-ratio,local,20260504_234712,results/20260504_234712/results.csv
ok,STAR,sil,tsp,eil51,502,17.840376,0.000746,0.000796,1.06688592297,local-divided-by-medium-main-tsp-ratio,local,20260504_234712,results/20260504_234712/results.csv
ok,STAR,sil,tsp,berlin52,8980,19.066561,0.000671,0.000716,1.06688592297,local-divided-by-medium-main-tsp-ratio,local,20260504_234712,results/20260504_234712/results.csv
ok,STAR,sil,tsp,st70,760,12.592593,0.001015,0.001083,1.06688592297,local-divided-by-medium-main-tsp-ratio,local,20260504_234712,results/20260504_234712/results.csv
ok,STAR,sil,tsp,eil76,627,16.542751,0.001112,0.001186,1.06688592297,local-divided-by-medium-main-tsp-ratio,local,20260504_234712,results/20260504_234712/results.csv
ok,STAR,sil,tsp,pr76,143096,32.301519,0.001140,0.001216,1.06688592297,local-divided-by-medium-main-tsp-ratio,local,20260504_234712,results/20260504_234712/results.csv
ok,STAR,sil,tsp,rat99,1437,18.662263,0.001388,0.001481,1.06688592297,local-divided-by-medium-main-tsp-ratio,local,20260504_234712,results/20260504_234712/results.csv
ok,STAR,sil,tsp,kroA100,26133,22.793910,0.001429,0.001525,1.06688592297,local-divided-by-medium-main-tsp-ratio,local,20260504_234712,results/20260504_234712/results.csv
ok,STAR,sil,tsp,kroB100,26023,17.533083,0.001397,0.001490,1.06688592297,local-divided-by-medium-main-tsp-ratio,local,20260504_234712,results/20260504_234712/results.csv
ok,STAR,sil,tsp,kroC100,23564,13.566919,0.001460,0.001558,1.06688592297,local-divided-by-medium-main-tsp-ratio,local,20260504_234712,results/20260504_234712/results.csv
ok,STAR,sil,tsp,kroD100,26390,23.931624,0.001406,0.001500,1.06688592297,local-divided-by-medium-main-tsp-ratio,local,20260504_234712,results/20260504_234712/results.csv
ok,STAR,sil,tsp,kroE100,24907,12.864782,0.001502,0.001602,1.06688592297,local-divided-by-medium-main-tsp-ratio,local,20260504_234712,results/20260504_234712/results.csv
ok,STAR,sil,tsp,rd100,9769,23.501896,0.033578,0.035824,1.06688592297,local-divided-by-medium-main-tsp-ratio,local,20260504_234712,results/20260504_234712/results.csv
ok,STAR,sil,tsp,eil101,737,17.170111,0.001582,0.001688,1.06688592297,local-divided-by-medium-main-tsp-ratio,local,20260504_234712,results/20260504_234712/results.csv
ok,STAR,sil,tsp,wi29,32164,16.523566,0.020001,0.021339,1.06688592297,local-divided-by-medium-main-tsp-ratio,local,20260504_234738,results/20260504_234738/results.csv
ok,STAR,sil,tsp,dj38,6800,2.163462,0.011101,0.011844,1.06688592297,local-divided-by-medium-main-tsp-ratio,local,20260504_234738,results/20260504_234738/results.csv
ok,STAR,sil,tsp,eil51,502,17.840376,0.001020,0.001088,1.06688592297,local-divided-by-medium-main-tsp-ratio,local,20260504_234738,results/20260504_234738/results.csv
ok,STAR,sil,tsp,berlin52,8980,19.066561,0.000801,0.000855,1.06688592297,local-divided-by-medium-main-tsp-ratio,local,20260504_234738,results/20260504_234738/results.csv
ok,STAR,sil,tsp,st70,760,12.592593,0.001208,0.001289,1.06688592297,local-divided-by-medium-main-tsp-ratio,local,20260504_234738,results/20260504_234738/results.csv
ok,STAR,sil,tsp,eil76,627,16.542751,0.001292,0.001378,1.06688592297,local-divided-by-medium-main-tsp-ratio,local,20260504_234738,results/20260504_234738/results.csv
ok,STAR,sil,tsp,pr76,143096,32.301519,0.001260,0.001344,1.06688592297,local-divided-by-medium-main-tsp-ratio,local,20260504_234738,results/20260504_234738/results.csv
ok,STAR,sil,tsp,rat99,1437,18.662263,0.001619,0.001727,1.06688592297,local-divided-by-medium-main-tsp-ratio,local,20260504_234738,results/20260504_234738/results.csv
ok,STAR,sil,tsp,kroA100,26133,22.793910,0.001660,0.001771,1.06688592297,local-divided-by-medium-main-tsp-ratio,local,20260504_234738,results/20260504_234738/results.csv
ok,STAR,sil,tsp,kroB100,26023,17.533083,0.001652,0.001763,1.06688592297,local-divided-by-medium-main-tsp-ratio,local,20260504_234738,results/20260504_234738/results.csv
ok,STAR,sil,tsp,kroC100,23564,13.566919,0.001684,0.001797,1.06688592297,local-divided-by-medium-main-tsp-ratio,local,20260504_234738,results/20260504_234738/results.csv
ok,STAR,sil,tsp,kroD100,26390,23.931624,0.001869,0.001994,1.06688592297,local-divided-by-medium-main-tsp-ratio,local,20260504_234738,results/20260504_234738/results.csv
ok,STAR,sil,tsp,kroE100,24907,12.864782,0.042105,0.044921,1.06688592297,local-divided-by-medium-main-tsp-ratio,local,20260504_234738,results/20260504_234738/results.csv
ok,STAR,sil,tsp,rd100,9769,23.501896,0.001611,0.001719,1.06688592297,local-divided-by-medium-main-tsp-ratio,local,20260504_234738,results/20260504_234738/results.csv
ok,STAR,sil,tsp,eil101,737,17.170111,0.001652,0.001763,1.06688592297,local-divided-by-medium-main-tsp-ratio,local,20260504_234738,results/20260504_234738/results.csv
ok,STAR,sil,tsp,wi29,32164,16.523566,0.001088,0.001161,1.06688592297,local-divided-by-medium-main-tsp-ratio,local,20260504_234816_120744,results/20260504_234816_120744/results.csv
ok,STAR,sil,tsp,dj38,6800,2.163462,0.000615,0.000656,1.06688592297,local-divided-by-medium-main-tsp-ratio,local,20260504_234816_120744,results/20260504_234816_120744/results.csv
ok,STAR,sil,tsp,eil51,502,17.840376,0.000874,0.000932,1.06688592297,local-divided-by-medium-main-tsp-ratio,local,20260504_234816_120744,results/20260504_234816_120744/results.csv
ok,STAR,sil,tsp,berlin52,8980,19.066561,0.000753,0.000803,1.06688592297,local-divided-by-medium-main-tsp-ratio,local,20260504_234816_120744,results/20260504_234816_120744/results.csv
ok,STAR,sil,tsp,st70,760,12.592593,0.001330,0.001419,1.06688592297,local-divided-by-medium-main-tsp-ratio,local,20260504_234816_120744,results/20260504_234816_120744/results.csv
ok,STAR,sil,tsp,eil76,627,16.542751,0.001764,0.001882,1.06688592297,local-divided-by-medium-main-tsp-ratio,local,20260504_234816_120744,results/20260504_234816_120744/results.csv
ok,STAR,sil,tsp,pr76,143096,32.301519,0.001653,0.001764,1.06688592297,local-divided-by-medium-main-tsp-ratio,local,20260504_234816_120744,results/20260504_234816_120744/results.csv
ok,STAR,sil,tsp,rat99,1437,18.662263,0.002121,0.002263,1.06688592297,local-divided-by-medium-main-tsp-ratio,local,20260504_234816_120744,results/20260504_234816_120744/results.csv
ok,STAR,sil,tsp,kroA100,26133,22.793910,0.002155,0.002299,1.06688592297,local-divided-by-medium-main-tsp-ratio,local,20260504_234816_120744,results/20260504_234816_120744/results.csv
ok,STAR,sil,tsp,kroB100,26023,17.533083,0.002122,0.002264,1.06688592297,local-divided-by-medium-main-tsp-ratio,local,20260504_234816_120744,results/20260504_234816_120744/results.csv
ok,STAR,sil,tsp,kroC100,23564,13.566919,0.002140,0.002283,1.06688592297,local-divided-by-medium-main-tsp-ratio,local,20260504_234816_120744,results/20260504_234816_120744/results.csv
ok,STAR,sil,tsp,kroD100,26390,23.931624,0.002376,0.002535,1.06688592297,local-divided-by-medium-main-tsp-ratio,local,20260504_234816_120744,results/20260504_234816_120744/results.csv
ok,STAR,sil,tsp,kroE100,24907,12.864782,0.039797,0.042459,1.06688592297,local-divided-by-medium-main-tsp-ratio,local,20260504_234816_120744,results/20260504_234816_120744/results.csv
ok,STAR,sil,tsp,rd100,9769,23.501896,0.001536,0.001639,1.06688592297,local-divided-by-medium-main-tsp-ratio,local,20260504_234816_120744,results/20260504_234816_120744/results.csv
ok,STAR,sil,tsp,eil101,737,17.170111,0.001659,0.001770,1.06688592297,local-divided-by-medium-main-tsp-ratio,local,20260504_234816_120744,results/20260504_234816_120744/results.csv
ok,STAR,sil,tsp,wi29,32164,16.523566,0.001091,0.001164,1.06688592297,local-divided-by-medium-main-tsp-ratio,local,20260504_234947_268716,results/20260504_234947_268716/results.csv
ok,STAR,sil,tsp,dj38,6800,2.163462,0.000835,0.000891,1.06688592297,local-divided-by-medium-main-tsp-ratio,local,20260504_234947_268716,results/20260504_234947_268716/results.csv
ok,STAR,sil,tsp,eil51,502,17.840376,0.001206,0.001287,1.06688592297,local-divided-by-medium-main-tsp-ratio,local,20260504_234947_268716,results/20260504_234947_268716/results.csv
ok,STAR,sil,tsp,berlin52,8980,19.066561,0.001032,0.001101,1.06688592297,local-divided-by-medium-main-tsp-ratio,local,20260504_234947_268716,results/20260504_234947_268716/results.csv
ok,STAR,sil,tsp,st70,760,12.592593,0.001577,0.001683,1.06688592297,local-divided-by-medium-main-tsp-ratio,local,20260504_234947_268716,results/20260504_234947_268716/results.csv
ok,STAR,sil,tsp,eil76,627,16.542751,0.001710,0.001824,1.06688592297,local-divided-by-medium-main-tsp-ratio,local,20260504_234947_268716,results/20260504_234947_268716/results.csv
ok,STAR,sil,tsp,pr76,143096,32.301519,0.001694,0.001807,1.06688592297,local-divided-by-medium-main-tsp-ratio,local,20260504_234947_268716,results/20260504_234947_268716/results.csv
ok,STAR,sil,tsp,rat99,1437,18.662263,0.002113,0.002254,1.06688592297,local-divided-by-medium-main-tsp-ratio,local,20260504_234947_268716,results/20260504_234947_268716/results.csv
ok,STAR,sil,tsp,kroA100,26133,22.793910,0.002230,0.002379,1.06688592297,local-divided-by-medium-main-tsp-ratio,local,20260504_234947_268716,results/20260504_234947_268716/results.csv
ok,STAR,sil,tsp,kroB100,26023,17.533083,0.002224,0.002373,1.06688592297,local-divided-by-medium-main-tsp-ratio,local,20260504_234947_268716,results/20260504_234947_268716/results.csv
ok,STAR,sil,tsp,kroC100,23564,13.566919,0.002223,0.002372,1.06688592297,local-divided-by-medium-main-tsp-ratio,local,20260504_234947_268716,results/20260504_234947_268716/results.csv
ok,STAR,sil,tsp,kroD100,26390,23.931624,0.002157,0.002301,1.06688592297,local-divided-by-medium-main-tsp-ratio,local,20260504_234947_268716,results/20260504_234947_268716/results.csv
ok,STAR,sil,tsp,kroE100,24907,12.864782,0.002278,0.002430,1.06688592297,local-divided-by-medium-main-tsp-ratio,local,20260504_234947_268716,results/20260504_234947_268716/results.csv
ok,STAR,sil,tsp,rd100,9769,23.501896,0.035890,0.038291,1.06688592297,local-divided-by-medium-main-tsp-ratio,local,20260504_234947_268716,results/20260504_234947_268716/results.csv
ok,STAR,sil,tsp,eil101,737,17.170111,0.001702,0.001816,1.06688592297,local-divided-by-medium-main-tsp-ratio,local,20260504_234947_268716,results/20260504_234947_268716/results.csv
ok,STAR,sil,tsp,wi29,32164,16.523566,0.001127,0.001202,1.06688592297,local-divided-by-medium-main-tsp-ratio,local,20260504_235242_021486,results/20260504_235242_021486/results.csv
ok,STAR,sil,tsp,dj38,6800,2.163462,0.000624,0.000666,1.06688592297,local-divided-by-medium-main-tsp-ratio,local,20260504_235242_021486,results/20260504_235242_021486/results.csv
ok,STAR,sil,tsp,eil51,502,17.840376,0.000878,0.000937,1.06688592297,local-divided-by-medium-main-tsp-ratio,local,20260504_235242_021486,results/20260504_235242_021486/results.csv
ok,STAR,sil,tsp,berlin52,8980,19.066561,0.000756,0.000807,1.06688592297,local-divided-by-medium-main-tsp-ratio,local,20260504_235242_021486,results/20260504_235242_021486/results.csv
ok,STAR,sil,tsp,st70,760,12.592593,0.001203,0.001283,1.06688592297,local-divided-by-medium-main-tsp-ratio,local,20260504_235242_021486,results/20260504_235242_021486/results.csv
ok,STAR,sil,tsp,eil76,627,16.542751,0.001297,0.001384,1.06688592297,local-divided-by-medium-main-tsp-ratio,local,20260504_235242_021486,results/20260504_235242_021486/results.csv
ok,STAR,sil,tsp,pr76,143096,32.301519,0.001269,0.001354,1.06688592297,local-divided-by-medium-main-tsp-ratio,local,20260504_235242_021486,results/20260504_235242_021486/results.csv
ok,STAR,sil,tsp,rat99,1437,18.662263,0.001591,0.001697,1.06688592297,local-divided-by-medium-main-tsp-ratio,local,20260504_235242_021486,results/20260504_235242_021486/results.csv
ok,STAR,sil,tsp,kroA100,26133,22.793910,0.001639,0.001749,1.06688592297,local-divided-by-medium-main-tsp-ratio,local,20260504_235242_021486,results/20260504_235242_021486/results.csv
ok,STAR,sil,tsp,kroB100,26023,17.533083,0.001626,0.001735,1.06688592297,local-divided-by-medium-main-tsp-ratio,local,20260504_235242_021486,results/20260504_235242_021486/results.csv
ok,STAR,sil,tsp,kroC100,23564,13.566919,0.001665,0.001776,1.06688592297,local-divided-by-medium-main-tsp-ratio,local,20260504_235242_021486,results/20260504_235242_021486/results.csv
ok,STAR,sil,tsp,kroD100,26390,23.931624,0.001637,0.001747,1.06688592297,local-divided-by-medium-main-tsp-ratio,local,20260504_235242_021486,results/20260504_235242_021486/results.csv
ok,STAR,sil,tsp,kroE100,24907,12.864782,0.001685,0.001798,1.06688592297,local-divided-by-medium-main-tsp-ratio,local,20260504_235242_021486,results/20260504_235242_021486/results.csv
ok,STAR,sil,tsp,rd100,9769,23.501896,0.036694,0.039148,1.06688592297,local-divided-by-medium-main-tsp-ratio,local,20260504_235242_021486,results/20260504_235242_021486/results.csv
ok,STAR,sil,tsp,eil101,737,17.170111,0.001569,0.001674,1.06688592297,local-divided-by-medium-main-tsp-ratio,local,20260504_235242_021486,results/20260504_235242_021486/results.csv
ok,STAR,sil,tsp,wi29,29324,6.234830,0.343537,0.366515,1.06688592297,local-divided-by-medium-main-tsp-ratio,local,20260504_235300_845933,results/20260504_235300_845933/results.csv
ok,STAR,sil,tsp,dj38,6762,1.592548,0.196956,0.210130,1.06688592297,local-divided-by-medium-main-tsp-ratio,local,20260504_235300_845933,results/20260504_235300_845933/results.csv
ok,STAR,sil,tsp,eil51,459,7.746479,0.033930,0.036199,1.06688592297,local-divided-by-medium-main-tsp-ratio,local,20260504_235300_845933,results/20260504_235300_845933/results.csv
ok,STAR,sil,tsp,berlin52,8056,6.815168,0.045956,0.049030,1.06688592297,local-divided-by-medium-main-tsp-ratio,local,20260504_235300_845933,results/20260504_235300_845933/results.csv
ok,STAR,sil,tsp,st70,760,12.592593,0.036855,0.039320,1.06688592297,local-divided-by-medium-main-tsp-ratio,local,20260504_235300_845933,results/20260504_235300_845933/results.csv
ok,STAR,sil,tsp,eil76,563,4.646840,0.077534,0.082720,1.06688592297,local-divided-by-medium-main-tsp-ratio,local,20260504_235300_845933,results/20260504_235300_845933/results.csv
ok,STAR,sil,tsp,pr76,126987,17.407705,0.036098,0.038512,1.06688592297,local-divided-by-medium-main-tsp-ratio,local,20260504_235300_845933,results/20260504_235300_845933/results.csv
ok,STAR,sil,tsp,rat99,1428,17.919075,0.036470,0.038909,1.06688592297,local-divided-by-medium-main-tsp-ratio,local,20260504_235300_845933,results/20260504_235300_845933/results.csv
ok,STAR,sil,tsp,kroA100,23507,10.454844,0.042268,0.045095,1.06688592297,local-divided-by-medium-main-tsp-ratio,local,20260504_235300_845933,results/20260504_235300_845933/results.csv
ok,STAR,sil,tsp,kroB100,26023,17.533083,0.056418,0.060192,1.06688592297,local-divided-by-medium-main-tsp-ratio,local,20260504_235300_845933,results/20260504_235300_845933/results.csv
ok,STAR,sil,tsp,kroC100,23316,12.371681,0.036002,0.038410,1.06688592297,local-divided-by-medium-main-tsp-ratio,local,20260504_235300_845933,results/20260504_235300_845933/results.csv
ok,STAR,sil,tsp,kroD100,26390,23.931624,0.036669,0.039122,1.06688592297,local-divided-by-medium-main-tsp-ratio,local,20260504_235300_845933,results/20260504_235300_845933/results.csv
ok,STAR,sil,tsp,kroE100,24445,10.771252,0.071349,0.076121,1.06688592297,local-divided-by-medium-main-tsp-ratio,local,20260504_235300_845933,results/20260504_235300_845933/results.csv
ok,STAR,sil,tsp,rd100,8991,13.666245,0.036757,0.039216,1.06688592297,local-divided-by-medium-main-tsp-ratio,local,20260504_235300_845933,results/20260504_235300_845933/results.csv
ok,STAR,sil,tsp,eil101,737,17.170111,0.036703,0.039158,1.06688592297,local-divided-by-medium-main-tsp-ratio,local,20260504_235300_845933,results/20260504_235300_845933/results.csv
ok,STAR,nearest,tsp,wi29,32164,16.523566,0.000949,0.001013,1.06688592297,local-divided-by-medium-main-tsp-ratio,local,explicit-equals-smoke,results/explicit-equals-smoke/results.csv
ok,STAR,nearest,tsp,wi29,32164,16.523566,0.002008,0.002142,1.06688592297,local-divided-by-medium-main-tsp-ratio,local,explicit-space-smoke,results/explicit-space-smoke/results.csv
ok,STAR,sil,tsp,dj38,6656.000000,0.000000,23.025580,24.565667,1.06688592297,local-divided-by-medium-main-tsp-ratio,local,memory/scale-0,results/memory/scale-0/results.csv
ok,STAR,sil,tsp,lu980,11430.000000,0.793651,33.576334,35.822118,1.06688592297,local-divided-by-medium-main-tsp-ratio,local,memory/scale-0,results/memory/scale-0/results.csv
ok,STAR,sil,tsp,qa194,9402.000000,0.534645,25.587013,27.298424,1.06688592297,local-divided-by-medium-main-tsp-ratio,local,memory/scale-0,results/memory/scale-0/results.csv
ok,STAR,sil,tsp,uy734,79820.000000,0.892383,43.555220,46.468451,1.06688592297,local-divided-by-medium-main-tsp-ratio,local,memory/scale-0,results/memory/scale-0/results.csv
ok,STAR,sil,tsp,wi29,27603.000000,0.000000,16.139162,17.218645,1.06688592297,local-divided-by-medium-main-tsp-ratio,local,memory/scale-0,results/memory/scale-0/results.csv
ok,STAR,sil,tsp,zi929,96086.000000,0.777178,49.664984,52.986872,1.06688592297,local-divided-by-medium-main-tsp-ratio,local,memory/scale-0,results/memory/scale-0/results.csv
ok,STAR,sil,tsp,a280,2602.000000,0.891819,38.893735,41.495178,1.06688592297,local-divided-by-medium-main-tsp-ratio,local,memory/scale-0,results/memory/scale-0/results.csv
ok,STAR,sil,tsp,berlin52,7542.000000,0.000000,30.305983,32.333027,1.06688592297,local-divided-by-medium-main-tsp-ratio,local,memory/scale-0,results/memory/scale-0/results.csv
ok,STAR,sil,tsp,bier127,118282.000000,0.000000,32.264610,34.422658,1.06688592297,local-divided-by-medium-main-tsp-ratio,local,memory/scale-0,results/memory/scale-0/results.csv
ok,STAR,sil,tsp,ch130,6155.000000,0.736498,38.414398,40.983780,1.06688592297,local-divided-by-medium-main-tsp-ratio,local,memory/scale-0,results/memory/scale-0/results.csv
ok,STAR,sil,tsp,ch150,6549.000000,0.321691,41.407869,44.177473,1.06688592297,local-divided-by-medium-main-tsp-ratio,local,memory/scale-0,results/memory/scale-0/results.csv
ok,STAR,sil,tsp,d198,15781.000000,0.006337,31.190842,33.277070,1.06688592297,local-divided-by-medium-main-tsp-ratio,local,memory/scale-0,results/memory/scale-0/results.csv
ok,STAR,sil,tsp,d493,35221.000000,0.625679,36.237373,38.661143,1.06688592297,local-divided-by-medium-main-tsp-ratio,local,memory/scale-0,results/memory/scale-0/results.csv
ok,STAR,sil,tsp,d657,49265.000000,0.721704,50.517575,53.896490,1.06688592297,local-divided-by-medium-main-tsp-ratio,local,memory/scale-0,results/memory/scale-0/results.csv
ok,STAR,sil,tsp,eil101,629.000000,0.000000,37.346623,39.844586,1.06688592297,local-divided-by-medium-main-tsp-ratio,local,memory/scale-0,results/memory/scale-0/results.csv
ok,STAR,sil,tsp,eil51,426.000000,0.000000,27.057452,28.867215,1.06688592297,local-divided-by-medium-main-tsp-ratio,local,memory/scale-0,results/memory/scale-0/results.csv
ok,STAR,sil,tsp,eil76,538.000000,0.000000,38.530185,41.107312,1.06688592297,local-divided-by-medium-main-tsp-ratio,local,memory/scale-0,results/memory/scale-0/results.csv
ok,STAR,sil,tsp,fl417,11870.000000,0.075879,45.749819,48.809838,1.06688592297,local-divided-by-medium-main-tsp-ratio,local,memory/scale-0,results/memory/scale-0/results.csv
ok,STAR,sil,tsp,gil262,2389.000000,0.462574,42.886238,45.754724,1.06688592297,local-divided-by-medium-main-tsp-ratio,local,memory/scale-0,results/memory/scale-0/results.csv
ok,STAR,sil,tsp,kroA100,21282.000000,0.000000,52.282544,55.779510,1.06688592297,local-divided-by-medium-main-tsp-ratio,local,memory/scale-0,results/memory/scale-0/results.csv
ok,STAR,sil,tsp,kroA150,26718.000000,0.731413,40.933673,43.671559,1.06688592297,local-divided-by-medium-main-tsp-ratio,local,memory/scale-0,results/memory/scale-0/results.csv
ok,STAR,sil,tsp,kroA200,29368.000000,0.000000,39.756540,42.415693,1.06688592297,local-divided-by-medium-main-tsp-ratio,local,memory/scale-0,results/memory/scale-0/results.csv
ok,STAR,sil,tsp,kroB100,22141.000000,0.000000,39.028976,41.639465,1.06688592297,local-divided-by-medium-main-tsp-ratio,local,memory/scale-0,results/memory/scale-0/results.csv
ok,STAR,sil,tsp,kroB150,26132.000000,0.007654,37.811975,40.341064,1.06688592297,local-divided-by-medium-main-tsp-ratio,local,memory/scale-0,results/memory/scale-0/results.csv
ok,STAR,sil,tsp,kroB200,29437.000000,0.000000,37.388049,39.888783,1.06688592297,local-divided-by-medium-main-tsp-ratio,local,memory/scale-0,results/memory/scale-0/results.csv
ok,STAR,sil,tsp,kroC100,20749.000000,0.000000,48.226629,51.452312,1.06688592297,local-divided-by-medium-main-tsp-ratio,local,memory/scale-0,results/memory/scale-0/results.csv
ok,STAR,sil,tsp,kroD100,21294.000000,0.000000,50.922632,54.328639,1.06688592297,local-divided-by-medium-main-tsp-ratio,local,memory/scale-0,results/memory/scale-0/results.csv
ok,STAR,sil,tsp,kroE100,22121.000000,0.240167,48.291506,51.521528,1.06688592297,local-divided-by-medium-main-tsp-ratio,local,memory/scale-0,results/memory/scale-0/results.csv
ok,STAR,sil,tsp,lin105,14379.000000,0.000000,54.546635,58.195037,1.06688592297,local-divided-by-medium-main-tsp-ratio,local,memory/scale-0,results/memory/scale-0/results.csv
ok,STAR,sil,tsp,lin318,42163.000000,0.318827,36.011531,38.420196,1.06688592297,local-divided-by-medium-main-tsp-ratio,local,memory/scale-0,results/memory/scale-0/results.csv
ok,STAR,sil,tsp,p654,34766.000000,0.355050,39.717881,42.374448,1.06688592297,local-divided-by-medium-main-tsp-ratio,local,memory/scale-0,results/memory/scale-0/results.csv
ok,STAR,sil,tsp,pcb442,51071.000000,0.577022,53.728666,57.322357,1.06688592297,local-divided-by-medium-main-tsp-ratio,local,memory/scale-0,results/memory/scale-0/results.csv
ok,STAR,sil,tsp,pr107,44438.000000,0.304720,18.220890,19.439611,1.06688592297,local-divided-by-medium-main-tsp-ratio,local,memory/scale-0,results/memory/scale-0/results.csv
ok,STAR,sil,tsp,pr124,59030.000000,0.000000,39.459602,42.098894,1.06688592297,local-divided-by-medium-main-tsp-ratio,local,memory/scale-0,results/memory/scale-0/results.csv
ok,STAR,sil,tsp,pr136,96772.000000,0.000000,33.387165,35.620296,1.06688592297,local-divided-by-medium-main-tsp-ratio,local,memory/scale-0,results/memory/scale-0/results.csv
ok,STAR,sil,tsp,pr144,58537.000000,0.000000,55.703710,59.429504,1.06688592297,local-divided-by-medium-main-tsp-ratio,local,memory/scale-0,results/memory/scale-0/results.csv
ok,STAR,sil,tsp,pr152,73818.000000,0.184577,38.024798,40.568122,1.06688592297,local-divided-by-medium-main-tsp-ratio,local,memory/scale-0,results/memory/scale-0/results.csv
ok,STAR,sil,tsp,pr226,80369.000000,0.000000,68.389247,72.963525,1.06688592297,local-divided-by-medium-main-tsp-ratio,local,memory/scale-0,results/memory/scale-0/results.csv
ok,STAR,sil,tsp,pr264,49135.000000,0.000000,81.835163,87.308783,1.06688592297,local-divided-by-medium-main-tsp-ratio,local,memory/scale-0,results/memory/scale-0/results.csv
ok,STAR,sil,tsp,pr299,48263.000000,0.149405,44.638882,47.624595,1.06688592297,local-divided-by-medium-main-tsp-ratio,local,memory/scale-0,results/memory/scale-0/results.csv
ok,STAR,sil,tsp,pr439,107358.000000,0.131509,46.466784,49.574758,1.06688592297,local-divided-by-medium-main-tsp-ratio,local,memory/scale-0,results/memory/scale-0/results.csv
ok,STAR,sil,tsp,pr76,108159.000000,0.000000,38.504690,41.080112,1.06688592297,local-divided-by-medium-main-tsp-ratio,local,memory/scale-0,results/memory/scale-0/results.csv
ok,STAR,sil,tsp,rat195,2329.000000,0.258287,35.333936,37.697279,1.06688592297,local-divided-by-medium-main-tsp-ratio,local,memory/scale-0,results/memory/scale-0/results.csv
ok,STAR,sil,tsp,rat575,6803.000000,0.442935,37.966412,40.505830,1.06688592297,local-divided-by-medium-main-tsp-ratio,local,memory/scale-0,results/memory/scale-0/results.csv
ok,STAR,sil,tsp,rat783,8877.000000,0.806268,55.872811,59.609916,1.06688592297,local-divided-by-medium-main-tsp-ratio,local,memory/scale-0,results/memory/scale-0/results.csv
ok,STAR,sil,tsp,rat99,1211.000000,0.000000,47.663499,50.851516,1.06688592297,local-divided-by-medium-main-tsp-ratio,local,memory/scale-0,results/memory/scale-0/results.csv
ok,STAR,sil,tsp,rd100,7910.000000,0.000000,43.678284,46.599746,1.06688592297,local-divided-by-medium-main-tsp-ratio,local,memory/scale-0,results/memory/scale-0/results.csv
ok,STAR,sil,tsp,rd400,15345.000000,0.418821,44.447059,47.419942,1.06688592297,local-divided-by-medium-main-tsp-ratio,local,memory/scale-0,results/memory/scale-0/results.csv
ok,STAR,sil,tsp,st70,675.000000,0.000000,36.390430,38.824437,1.06688592297,local-divided-by-medium-main-tsp-ratio,local,memory/scale-0,results/memory/scale-0/results.csv
ok,STAR,sil,tsp,ts225,126643.000000,0.000000,28.476191,30.380847,1.06688592297,local-divided-by-medium-main-tsp-ratio,local,memory/scale-0,results/memory/scale-0/results.csv
ok,STAR,sil,tsp,tsp225,3916.000000,0.000000,49.658922,52.980405,1.06688592297,local-divided-by-medium-main-tsp-ratio,local,memory/scale-0,results/memory/scale-0/results.csv
ok,STAR,sil,tsp,u159,42080.000000,0.000000,81.395412,86.839619,1.06688592297,local-divided-by-medium-main-tsp-ratio,local,memory/scale-0,results/memory/scale-0/results.csv
ok,STAR,sil,tsp,u574,37515.000000,1.652893,44.364992,47.332385,1.06688592297,local-divided-by-medium-main-tsp-ratio,local,memory/scale-0,results/memory/scale-0/results.csv
ok,STAR,sil,tsp,u724,42280.000000,0.882844,55.117748,58.804349,1.06688592297,local-divided-by-medium-main-tsp-ratio,local,memory/scale-0,results/memory/scale-0/results.csv
ok,STAR,sil,tsp,bcl380,1628.000000,0.431832,49.212350,52.503963,1.06688592297,local-divided-by-medium-main-tsp-ratio,local,memory/scale-0,results/memory/scale-0/results.csv
ok,STAR,sil,tsp,dkg813,3242.000000,1.344170,55.954384,59.696945,1.06688592297,local-divided-by-medium-main-tsp-ratio,local,memory/scale-0,results/memory/scale-0/results.csv
ok,STAR,sil,tsp,lim963,2818.000000,1.039799,54.043994,57.658776,1.06688592297,local-divided-by-medium-main-tsp-ratio,local,memory/scale-0,results/memory/scale-0/results.csv
ok,STAR,sil,tsp,pbd984,2852.000000,1.966393,48.212130,51.436843,1.06688592297,local-divided-by-medium-main-tsp-ratio,local,memory/scale-0,results/memory/scale-0/results.csv
ok,STAR,sil,tsp,pbk411,1362.000000,1.414743,50.723200,54.115868,1.06688592297,local-divided-by-medium-main-tsp-ratio,local,memory/scale-0,results/memory/scale-0/results.csv
ok,STAR,sil,tsp,pbl395,1289.000000,0.624512,46.893295,50.029796,1.06688592297,local-divided-by-medium-main-tsp-ratio,local,memory/scale-0,results/memory/scale-0/results.csv
ok,STAR,sil,tsp,pbm436,1448.000000,0.346500,35.648482,38.032864,1.06688592297,local-divided-by-medium-main-tsp-ratio,local,memory/scale-0,results/memory/scale-0/results.csv
ok,STAR,sil,tsp,pbn423,1377.000000,0.879121,42.973176,45.847477,1.06688592297,local-divided-by-medium-main-tsp-ratio,local,memory/scale-0,results/memory/scale-0/results.csv
ok,STAR,sil,tsp,pka379,1332.000000,0.000000,81.233182,86.666538,1.06688592297,local-divided-by-medium-main-tsp-ratio,local,memory/scale-0,results/memory/scale-0/results.csv
ok,STAR,sil,tsp,pma343,1368.000000,0.000000,53.394426,56.965761,1.06688592297,local-divided-by-medium-main-tsp-ratio,local,memory/scale-0,results/memory/scale-0/results.csv
ok,STAR,sil,tsp,rbu737,3341.000000,0.814725,49.383565,52.686630,1.06688592297,local-divided-by-medium-main-tsp-ratio,local,memory/scale-0,results/memory/scale-0/results.csv
ok,STAR,sil,tsp,rbx711,3159.000000,1.412520,63.665840,67.924188,1.06688592297,local-divided-by-medium-main-tsp-ratio,local,memory/scale-0,results/memory/scale-0/results.csv
ok,STAR,sil,tsp,xqf131,564.000000,0.000000,34.497763,36.805178,1.06688592297,local-divided-by-medium-main-tsp-ratio,local,memory/scale-0,results/memory/scale-0/results.csv
ok,STAR,sil,tsp,xqg237,1024.000000,0.490677,38.373912,40.940586,1.06688592297,local-divided-by-medium-main-tsp-ratio,local,memory/scale-0,results/memory/scale-0/results.csv
ok,STAR,sil,tsp,xql662,2524.000000,0.437724,46.419371,49.524173,1.06688592297,local-divided-by-medium-main-tsp-ratio,local,memory/scale-0,results/memory/scale-0/results.csv
ok,STAR,sil,cvrp,X-n101-k25,28117.000000,1.906419,24.391346,35.124525,1.44004044689,local-divided-by-medium-main-cvrp-ratio,local,memory/scale-0,results/memory/scale-0/results.csv
ok,STAR,sil,cvrp,X-n106-k14,26494.000000,0.500721,25.277530,36.400665,1.44004044689,local-divided-by-medium-main-cvrp-ratio,local,memory/scale-0,results/memory/scale-0/results.csv
ok,STAR,sil,cvrp,X-n110-k13,15185.000000,1.429430,32.318532,46.539993,1.44004044689,local-divided-by-medium-main-cvrp-ratio,local,memory/scale-0,results/memory/scale-0/results.csv
ok,STAR,sil,cvrp,X-n115-k10,12748.000000,0.007845,49.967306,71.954941,1.44004044689,local-divided-by-medium-main-cvrp-ratio,local,memory/scale-0,results/memory/scale-0/results.csv
ok,STAR,sil,cvrp,X-n120-k6,13499.000000,1.252625,72.190059,103.956605,1.44004044689,local-divided-by-medium-main-cvrp-ratio,local,memory/scale-0,results/memory/scale-0/results.csv
ok,STAR,sil,cvrp,X-n125-k30,57006.000000,2.641387,27.657707,39.828217,1.44004044689,local-divided-by-medium-main-cvrp-ratio,local,memory/scale-0,results/memory/scale-0/results.csv
ok,STAR,sil,cvrp,X-n129-k18,29430.000000,1.693158,34.044214,49.025045,1.44004044689,local-divided-by-medium-main-cvrp-ratio,local,memory/scale-0,results/memory/scale-0/results.csv
ok,STAR,sil,cvrp,X-n134-k13,11054.000000,1.264199,40.115342,57.767715,1.44004044689,local-divided-by-medium-main-cvrp-ratio,local,memory/scale-0,results/memory/scale-0/results.csv
ok,STAR,sil,cvrp,X-n139-k10,13669.000000,0.581310,56.238768,80.986100,1.44004044689,local-divided-by-medium-main-cvrp-ratio,local,memory/scale-0,results/memory/scale-0/results.csv
ok,STAR,sil,cvrp,X-n143-k7,16132.000000,2.751592,77.929133,112.221104,1.44004044689,local-divided-by-medium-main-cvrp-ratio,local,memory/scale-0,results/memory/scale-0/results.csv
ok,STAR,sil,cvrp,X-n148-k46,43928.000000,1.104769,28.064808,40.414459,1.44004044689,local-divided-by-medium-main-cvrp-ratio,local,memory/scale-0,results/memory/scale-0/results.csv
ok,STAR,sil,cvrp,X-n153-k22,22022.000000,3.779453,39.996558,57.596661,1.44004044689,local-divided-by-medium-main-cvrp-ratio,local,memory/scale-0,results/memory/scale-0/results.csv
ok,STAR,sil,cvrp,X-n157-k13,16978.000000,0.604409,56.085911,80.765980,1.44004044689,local-divided-by-medium-main-cvrp-ratio,local,memory/scale-0,results/memory/scale-0/results.csv
ok,STAR,sil,cvrp,X-n162-k11,14222.000000,0.594143,65.906977,94.908712,1.44004044689,local-divided-by-medium-main-cvrp-ratio,local,memory/scale-0,results/memory/scale-0/results.csv
ok,STAR,sil,cvrp,X-n167-k10,21117.000000,2.724133,71.675532,103.215665,1.44004044689,local-divided-by-medium-main-cvrp-ratio,local,memory/scale-0,results/memory/scale-0/results.csv
ok,STAR,sil,cvrp,X-n172-k51,45940.000000,0.730151,33.443845,48.160490,1.44004044689,local-divided-by-medium-main-cvrp-ratio,local,memory/scale-0,results/memory/scale-0/results.csv
ok,STAR,sil,cvrp,X-n176-k26,48842.000000,2.154271,43.510984,62.657577,1.44004044689,local-divided-by-medium-main-cvrp-ratio,local,memory/scale-0,results/memory/scale-0/results.csv
ok,STAR,sil,cvrp,X-n181-k23,25733.000000,0.641402,37.652491,54.221110,1.44004044689,local-divided-by-medium-main-cvrp-ratio,local,memory/scale-0,results/memory/scale-0/results.csv
ok,STAR,sil,cvrp,X-n186-k15,24466.000000,1.329468,57.506992,82.812394,1.44004044689,local-divided-by-medium-main-cvrp-ratio,local,memory/scale-0,results/memory/scale-0/results.csv
ok,STAR,sil,cvrp,X-n190-k8,17392.000000,2.426384,72.026929,103.721691,1.44004044689,local-divided-by-medium-main-cvrp-ratio,local,memory/scale-0,results/memory/scale-0/results.csv
ok,STAR,sil,cvrp,X-n195-k51,44591.000000,0.827586,35.566775,51.217595,1.44004044689,local-divided-by-medium-main-cvrp-ratio,local,memory/scale-0,results/memory/scale-0/results.csv
ok,STAR,sil,cvrp,X-n200-k36,60042.000000,2.499232,35.987534,51.823504,1.44004044689,local-divided-by-medium-main-cvrp-ratio,local,memory/scale-0,results/memory/scale-0/results.csv
ok,STAR,sil,cvrp,X-n204-k19,19787.000000,1.134679,56.716928,81.674671,1.44004044689,local-divided-by-medium-main-cvrp-ratio,local,memory/scale-0,results/memory/scale-0/results.csv
ok,STAR,sil,cvrp,X-n209-k16,31359.000000,2.293189,62.401179,89.860222,1.44004044689,local-divided-by-medium-main-cvrp-ratio,local,memory/scale-0,results/memory/scale-0/results.csv
ok,STAR,sil,cvrp,X-n214-k11,11172.000000,2.910833,63.575024,91.550606,1.44004044689,local-divided-by-medium-main-cvrp-ratio,local,memory/scale-0,results/memory/scale-0/results.csv
ok,STAR,sil,cvrp,X-n219-k73,117711.000000,0.098644,37.482310,53.976042,1.44004044689,local-divided-by-medium-main-cvrp-ratio,local,memory/scale-0,results/memory/scale-0/results.csv
ok,STAR,sil,cvrp,X-n223-k34,41301.000000,2.136657,42.896966,61.773366,1.44004044689,local-divided-by-medium-main-cvrp-ratio,local,memory/scale-0,results/memory/scale-0/results.csv
ok,STAR,sil,cvrp,X-n228-k23,26065.000000,1.254759,55.463333,79.869443,1.44004044689,local-divided-by-medium-main-cvrp-ratio,local,memory/scale-0,results/memory/scale-0/results.csv
ok,STAR,sil,cvrp,X-n233-k16,19637.000000,2.116485,95.579765,137.638728,1.44004044689,local-divided-by-medium-main-cvrp-ratio,local,memory/scale-0,results/memory/scale-0/results.csv
ok,STAR,sil,cvrp,X-n237-k14,27696.000000,2.418460,85.613676,123.287156,1.44004044689,local-divided-by-medium-main-cvrp-ratio,local,memory/scale-0,results/memory/scale-0/results.csv
ok,STAR,sil,cvrp,X-n242-k48,84148.000000,1.688197,38.848180,55.942951,1.44004044689,local-divided-by-medium-main-cvrp-ratio,local,memory/scale-0,results/memory/scale-0/results.csv
ok,STAR,sil,cvrp,X-n247-k50,38405.000000,3.034287,44.072332,63.465941,1.44004044689,local-divided-by-medium-main-cvrp-ratio,local,memory/scale-0,results/memory/scale-0/results.csv
ok,STAR,sil,cvrp,X-n251-k28,39261.000000,1.491573,51.061346,73.530404,1.44004044689,local-divided-by-medium-main-cvrp-ratio,local,memory/scale-0,results/memory/scale-0/results.csv
ok,STAR,sil,cvrp,X-n256-k16,19019.000000,0.955465,88.834453,127.925206,1.44004044689,local-divided-by-medium-main-cvrp-ratio,local,memory/scale-0,results/memory/scale-0/results.csv
ok,STAR,sil,cvrp,X-n261-k13,27066.000000,1.912795,86.980983,125.256133,1.44004044689,local-divided-by-medium-main-cvrp-ratio,local,memory/scale-0,results/memory/scale-0/results.csv
ok,STAR,sil,cvrp,X-n266-k58,77002.000000,2.019131,44.971670,64.761024,1.44004044689,local-divided-by-medium-main-cvrp-ratio,local,memory/scale-0,results/memory/scale-0/results.csv
ok,STAR,sil,cvrp,X-n270-k35,35689.000000,1.127766,45.736927,65.863025,1.44004044689,local-divided-by-medium-main-cvrp-ratio,local,memory/scale-0,results/memory/scale-0/results.csv
ok,STAR,sil,cvrp,X-n275-k28,21515.000000,1.270887,59.960261,86.345201,1.44004044689,local-divided-by-medium-main-cvrp-ratio,local,memory/scale-0,results/memory/scale-0/results.csv
ok,STAR,sil,cvrp,X-n280-k17,34379.000000,2.614691,79.962259,115.148887,1.44004044689,local-divided-by-medium-main-cvrp-ratio,local,memory/scale-0,results/memory/scale-0/results.csv
ok,STAR,sil,cvrp,X-n284-k15,21020.000000,3.925640,89.700788,129.172763,1.44004044689,local-divided-by-medium-main-cvrp-ratio,local,memory/scale-0,results/memory/scale-0/results.csv
ok,STAR,sil,cvrp,X-n289-k60,97364.000000,2.325777,49.634247,71.475323,1.44004044689,local-divided-by-medium-main-cvrp-ratio,local,memory/scale-0,results/memory/scale-0/results.csv
ok,STAR,sil,cvrp,X-n294-k50,48152.000000,2.101313,48.146387,69.332744,1.44004044689,local-divided-by-medium-main-cvrp-ratio,local,memory/scale-0,results/memory/scale-0/results.csv
ok,STAR,sil,cvrp,X-n298-k31,34849.000000,1.805381,63.501450,91.444657,1.44004044689,local-divided-by-medium-main-cvrp-ratio,local,memory/scale-0,results/memory/scale-0/results.csv
ok,STAR,sil,cvrp,X-n303-k21,22271.000000,2.461354,77.525522,111.639887,1.44004044689,local-divided-by-medium-main-cvrp-ratio,local,memory/scale-0,results/memory/scale-0/results.csv
ok,STAR,sil,cvrp,X-n308-k13,26717.000000,3.317994,109.640528,157.886795,1.44004044689,local-divided-by-medium-main-cvrp-ratio,local,memory/scale-0,results/memory/scale-0/results.csv
ok,STAR,sil,cvrp,X-n313-k71,95998.000000,2.078836,52.063882,74.974096,1.44004044689,local-divided-by-medium-main-cvrp-ratio,local,memory/scale-0,results/memory/scale-0/results.csv
ok,STAR,sil,cvrp,X-n317-k53,78632.000000,0.353519,48.641673,70.045977,1.44004044689,local-divided-by-medium-main-cvrp-ratio,local,memory/scale-0,results/memory/scale-0/results.csv
ok,STAR,sil,cvrp,X-n322-k28,30375.000000,1.813367,80.617535,116.092511,1.44004044689,local-divided-by-medium-main-cvrp-ratio,local,memory/scale-0,results/memory/scale-0/results.csv
ok,STAR,sil,cvrp,X-n327-k20,28246.000000,2.593346,102.630179,147.791609,1.44004044689,local-divided-by-medium-main-cvrp-ratio,local,memory/scale-0,results/memory/scale-0/results.csv
ok,STAR,sil,cvrp,X-n331-k15,31724.000000,1.999871,132.659950,191.035693,1.44004044689,local-divided-by-medium-main-cvrp-ratio,local,memory/scale-0,results/memory/scale-0/results.csv
ok,STAR,sil,cvrp,X-n336-k84,143053.000000,2.833708,57.150240,82.298657,1.44004044689,local-divided-by-medium-main-cvrp-ratio,local,memory/scale-0,results/memory/scale-0/results.csv
ok,STAR,sil,cvrp,X-n344-k43,43198.000000,2.730083,58.475134,84.206558,1.44004044689,local-divided-by-medium-main-cvrp-ratio,local,memory/scale-0,results/memory/scale-0/results.csv
ok,STAR,sil,cvrp,X-n351-k40,26538.000000,2.479147,59.924135,86.293178,1.44004044689,local-divided-by-medium-main-cvrp-ratio,local,memory/scale-0,results/memory/scale-0/results.csv
ok,STAR,sil,cvrp,X-n359-k29,53381.000000,3.642365,71.727024,103.289816,1.44004044689,local-divided-by-medium-main-cvrp-ratio,local,memory/scale-0,results/memory/scale-0/results.csv
ok,STAR,sil,cvrp,X-n367-k17,23717.000000,3.958096,130.513334,187.944480,1.44004044689,local-divided-by-medium-main-cvrp-ratio,local,memory/scale-0,results/memory/scale-0/results.csv
ok,STAR,sil,cvrp,X-n376-k94,148221.000000,0.343910,57.676035,83.055823,1.44004044689,local-divided-by-medium-main-cvrp-ratio,local,memory/scale-0,results/memory/scale-0/results.csv
ok,STAR,sil,cvrp,X-n384-k52,67604.000000,2.523506,60.757010,87.492552,1.44004044689,local-divided-by-medium-main-cvrp-ratio,local,memory/scale-0,results/memory/scale-0/results.csv
ok,STAR,sil,cvrp,X-n393-k38,39133.000000,2.281756,76.084709,109.565059,1.44004044689,local-divided-by-medium-main-cvrp-ratio,local,memory/scale-0,results/memory/scale-0/results.csv
ok,STAR,sil,cvrp,X-n401-k29,67530.000000,2.079995,134.226783,193.291997,1.44004044689,local-divided-by-medium-main-cvrp-ratio,local,memory/scale-0,results/memory/scale-0/results.csv
ok,STAR,sil,cvrp,X-n411-k19,20332.000000,3.145292,129.493243,186.475507,1.44004044689,local-divided-by-medium-main-cvrp-ratio,local,memory/scale-0,results/memory/scale-0/results.csv
ok,STAR,sil,cvrp,X-n420-k130,110212.000000,2.239374,57.373694,82.620440,1.44004044689,local-divided-by-medium-main-cvrp-ratio,local,memory/scale-0,results/memory/scale-0/results.csv
ok,STAR,sil,cvrp,X-n429-k61,67081.000000,2.493545,66.045121,95.107646,1.44004044689,local-divided-by-medium-main-cvrp-ratio,local,memory/scale-0,results/memory/scale-0/results.csv
ok,STAR,sil,cvrp,X-n439-k37,37027.000000,1.747685,104.180990,150.024839,1.44004044689,local-divided-by-medium-main-cvrp-ratio,local,memory/scale-0,results/memory/scale-0/results.csv
ok,STAR,sil,cvrp,X-n449-k29,57178.000000,3.521446,97.948787,141.050215,1.44004044689,local-divided-by-medium-main-cvrp-ratio,local,memory/scale-0,results/memory/scale-0/results.csv
ok,STAR,sil,cvrp,X-n459-k26,25128.000000,4.097104,127.290054,183.302826,1.44004044689,local-divided-by-medium-main-cvrp-ratio,local,memory/scale-0,results/memory/scale-0/results.csv
ok,STAR,sil,cvrp,X-n469-k138,228860.000000,3.171884,73.730464,106.174850,1.44004044689,local-divided-by-medium-main-cvrp-ratio,local,memory/scale-0,results/memory/scale-0/results.csv
ok,STAR,sil,cvrp,X-n480-k70,91895.000000,2.734519,71.827241,103.434132,1.44004044689,local-divided-by-medium-main-cvrp-ratio,local,memory/scale-0,results/memory/scale-0/results.csv
ok,STAR,sil,cvrp,X-n491-k59,68655.000000,3.267001,78.137243,112.520791,1.44004044689,local-divided-by-medium-main-cvrp-ratio,local,memory/scale-0,results/memory/scale-0/results.csv
ok,STAR,sil,cvrp,X-n502-k39,69721.000000,0.715049,111.666112,160.803718,1.44004044689,local-divided-by-medium-main-cvrp-ratio,local,memory/scale-0,results/memory/scale-0/results.csv
ok,STAR,sil,cvrp,X-n513-k21,24829.000000,2.594934,201.151011,289.665592,1.44004044689,local-divided-by-medium-main-cvrp-ratio,local,memory/scale-0,results/memory/scale-0/results.csv
ok,STAR,sil,cvrp,X-n524-k153,158216.000000,2.343573,79.824714,114.950817,1.44004044689,local-divided-by-medium-main-cvrp-ratio,local,memory/scale-0,results/memory/scale-0/results.csv
ok,STAR,sil,cvrp,X-n536-k96,97687.000000,2.995382,89.639247,129.084142,1.44004044689,local-divided-by-medium-main-cvrp-ratio,local,memory/scale-0,results/memory/scale-0/results.csv
ok,STAR,sil,cvrp,X-n548-k50,87932.000000,1.420992,98.023544,141.157868,1.44004044689,local-divided-by-medium-main-cvrp-ratio,local,memory/scale-0,results/memory/scale-0/results.csv
ok,STAR,sil,cvrp,X-n561-k42,43856.000000,2.666386,121.892241,175.529757,1.44004044689,local-divided-by-medium-main-cvrp-ratio,local,memory/scale-0,results/memory/scale-0/results.csv
ok,STAR,sil,cvrp,X-n573-k30,51601.000000,1.831350,120.053322,172.881640,1.44004044689,local-divided-by-medium-main-cvrp-ratio,local,memory/scale-0,results/memory/scale-0/results.csv
ok,STAR,sil,cvrp,X-n586-k159,195402.000000,2.672397,83.030671,119.567524,1.44004044689,local-divided-by-medium-main-cvrp-ratio,local,memory/scale-0,results/memory/scale-0/results.csv
ok,STAR,sil,cvrp,X-n599-k92,110962.000000,2.315331,87.988767,126.707384,1.44004044689,local-divided-by-medium-main-cvrp-ratio,local,memory/scale-0,results/memory/scale-0/results.csv
ok,STAR,sil,cvrp,X-n613-k62,61693.000000,3.624759,107.520263,154.833527,1.44004044689,local-divided-by-medium-main-cvrp-ratio,local,memory/scale-0,results/memory/scale-0/results.csv
ok,STAR,sil,cvrp,X-n627-k43,64094.000000,3.104691,125.373453,180.542843,1.44004044689,local-divided-by-medium-main-cvrp-ratio,local,memory/scale-0,results/memory/scale-0/results.csv
ok,STAR,sil,cvrp,X-n641-k35,65776.000000,3.284970,166.042337,239.107681,1.44004044689,local-divided-by-medium-main-cvrp-ratio,local,memory/scale-0,results/memory/scale-0/results.csv
ok,STAR,sil,cvrp,X-n655-k131,107566.000000,0.736093,96.612314,139.125640,1.44004044689,local-divided-by-medium-main-cvrp-ratio,local,memory/scale-0,results/memory/scale-0/results.csv
ok,STAR,sil,cvrp,X-n670-k130,151719.000000,3.681355,114.297292,164.592724,1.44004044689,local-divided-by-medium-main-cvrp-ratio,local,memory/scale-0,results/memory/scale-0/results.csv
ok,STAR,sil,cvrp,X-n685-k75,70403.000000,3.222638,125.279623,180.407725,1.44004044689,local-divided-by-medium-main-cvrp-ratio,local,memory/scale-0,results/memory/scale-0/results.csv
ok,STAR,sil,cvrp,X-n701-k44,84873.000000,3.600942,148.117287,213.294884,1.44004044689,local-divided-by-medium-main-cvrp-ratio,local,memory/scale-0,results/memory/scale-0/results.csv
ok,STAR,sil,cvrp,X-n716-k35,45123.000000,4.034768,155.833255,224.406190,1.44004044689,local-divided-by-medium-main-cvrp-ratio,local,memory/scale-0,results/memory/scale-0/results.csv
ok,STAR,sil,cvrp,X-n733-k159,139491.000000,2.426076,102.438647,147.515795,1.44004044689,local-divided-by-medium-main-cvrp-ratio,local,memory/scale-0,results/memory/scale-0/results.csv
ok,STAR,sil,cvrp,X-n749-k98,79586.000000,2.998615,113.778965,163.846312,1.44004044689,local-divided-by-medium-main-cvrp-ratio,local,memory/scale-0,results/memory/scale-0/results.csv
ok,STAR,sil,cvrp,X-n766-k71,118250.000000,3.350027,142.363183,205.008742,1.44004044689,local-divided-by-medium-main-cvrp-ratio,local,memory/scale-0,results/memory/scale-0/results.csv
ok,STAR,sil,cvrp,X-n783-k48,75318.000000,4.050507,193.593855,278.782981,1.44004044689,local-divided-by-medium-main-cvrp-ratio,local,memory/scale-0,results/memory/scale-0/results.csv
ok,STAR,sil,cvrp,X-n801-k40,75238.000000,2.628528,219.620524,316.262438,1.44004044689,local-divided-by-medium-main-cvrp-ratio,local,memory/scale-0,results/memory/scale-0/results.csv
ok,STAR,sil,cvrp,X-n819-k171,162659.000000,2.869954,117.539342,169.261407,1.44004044689,local-divided-by-medium-main-cvrp-ratio,local,memory/scale-0,results/memory/scale-0/results.csv
ok,STAR,sil,cvrp,X-n837-k142,198772.000000,2.598884,118.679216,170.902871,1.44004044689,local-divided-by-medium-main-cvrp-ratio,local,memory/scale-0,results/memory/scale-0/results.csv
ok,STAR,sil,cvrp,X-n856-k95,90910.000000,2.186253,139.493521,200.876312,1.44004044689,local-divided-by-medium-main-cvrp-ratio,local,memory/scale-0,results/memory/scale-0/results.csv
ok,STAR,sil,cvrp,X-n876-k59,102058.000000,2.778477,161.353751,232.355928,1.44004044689,local-divided-by-medium-main-cvrp-ratio,local,memory/scale-0,results/memory/scale-0/results.csv
ok,STAR,sil,cvrp,X-n895-k37,56142.000000,4.236911,296.234542,426.589722,1.44004044689,local-divided-by-medium-main-cvrp-ratio,local,memory/scale-0,results/memory/scale-0/results.csv
ok,STAR,sil,cvrp,X-n916-k207,336848.000000,2.329735,137.518512,198.032220,1.44004044689,local-divided-by-medium-main-cvrp-ratio,local,memory/scale-0,results/memory/scale-0/results.csv
ok,STAR,sil,cvrp,X-n936-k151,140924.000000,6.185435,151.466644,218.118094,1.44004044689,local-divided-by-medium-main-cvrp-ratio,local,memory/scale-0,results/memory/scale-0/results.csv
ok,STAR,sil,cvrp,X-n957-k87,87102.000000,1.915404,177.928860,256.224755,1.44004044689,local-divided-by-medium-main-cvrp-ratio,local,memory/scale-0,results/memory/scale-0/results.csv
ok,STAR,sil,cvrp,X-n979-k58,122171.000000,2.685416,224.452118,323.220128,1.44004044689,local-divided-by-medium-main-cvrp-ratio,local,memory/scale-0,results/memory/scale-0/results.csv
ok,STAR,sil,tsp,dj38,6656.000000,0.000000,22.803813,24.329067,1.06688592297,local-divided-by-medium-main-tsp-ratio,local,memory/scale-0.25,results/memory/scale-0.25/results.csv
ok,STAR,sil,tsp,lu980,11480.000000,1.234568,33.921935,36.190835,1.06688592297,local-divided-by-medium-main-tsp-ratio,local,memory/scale-0.25,results/memory/scale-0.25/results.csv
ok,STAR,sil,tsp,qa194,9402.000000,0.534645,24.350944,25.979679,1.06688592297,local-divided-by-medium-main-tsp-ratio,local,memory/scale-0.25,results/memory/scale-0.25/results.csv
ok,STAR,sil,tsp,uy734,79972.000000,1.084511,43.163489,46.050519,1.06688592297,local-divided-by-medium-main-tsp-ratio,local,memory/scale-0.25,results/memory/scale-0.25/results.csv
ok,STAR,sil,tsp,wi29,27603.000000,0.000000,16.195995,17.279279,1.06688592297,local-divided-by-medium-main-tsp-ratio,local,memory/scale-0.25,results/memory/scale-0.25/results.csv
ok,STAR,sil,tsp,zi929,96552.000000,1.265929,56.951279,60.760518,1.06688592297,local-divided-by-medium-main-tsp-ratio,local,memory/scale-0.25,results/memory/scale-0.25/results.csv
ok,STAR,sil,tsp,a280,2600.000000,0.814269,41.191910,43.947069,1.06688592297,local-divided-by-medium-main-tsp-ratio,local,memory/scale-0.25,results/memory/scale-0.25/results.csv
ok,STAR,sil,tsp,berlin52,7542.000000,0.000000,30.134598,32.150178,1.06688592297,local-divided-by-medium-main-tsp-ratio,local,memory/scale-0.25,results/memory/scale-0.25/results.csv
ok,STAR,sil,tsp,bier127,118282.000000,0.000000,32.838651,35.035095,1.06688592297,local-divided-by-medium-main-tsp-ratio,local,memory/scale-0.25,results/memory/scale-0.25/results.csv
ok,STAR,sil,tsp,ch130,6155.000000,0.736498,38.136488,40.687282,1.06688592297,local-divided-by-medium-main-tsp-ratio,local,memory/scale-0.25,results/memory/scale-0.25/results.csv
ok,STAR,sil,tsp,ch150,6549.000000,0.321691,42.829158,45.693826,1.06688592297,local-divided-by-medium-main-tsp-ratio,local,memory/scale-0.25,results/memory/scale-0.25/results.csv
ok,STAR,sil,tsp,d198,15780.000000,0.000000,31.028664,33.104045,1.06688592297,local-divided-by-medium-main-tsp-ratio,local,memory/scale-0.25,results/memory/scale-0.25/results.csv
ok,STAR,sil,tsp,d493,35254.000000,0.719959,40.989142,43.730739,1.06688592297,local-divided-by-medium-main-tsp-ratio,local,memory/scale-0.25,results/memory/scale-0.25/results.csv
ok,STAR,sil,tsp,d657,49230.000000,0.650147,41.525700,44.303185,1.06688592297,local-divided-by-medium-main-tsp-ratio,local,memory/scale-0.25,results/memory/scale-0.25/results.csv
ok,STAR,sil,tsp,eil101,629.000000,0.000000,33.456698,35.694480,1.06688592297,local-divided-by-medium-main-tsp-ratio,local,memory/scale-0.25,results/memory/scale-0.25/results.csv
ok,STAR,sil,tsp,eil51,426.000000,0.000000,27.405254,29.238280,1.06688592297,local-divided-by-medium-main-tsp-ratio,local,memory/scale-0.25,results/memory/scale-0.25/results.csv
ok,STAR,sil,tsp,eil76,538.000000,0.000000,38.924609,41.528117,1.06688592297,local-divided-by-medium-main-tsp-ratio,local,memory/scale-0.25,results/memory/scale-0.25/results.csv
ok,STAR,sil,tsp,fl417,11874.000000,0.109603,46.953535,50.094066,1.06688592297,local-divided-by-medium-main-tsp-ratio,local,memory/scale-0.25,results/memory/scale-0.25/results.csv
ok,STAR,sil,tsp,gil262,2379.000000,0.042052,41.210529,43.966933,1.06688592297,local-divided-by-medium-main-tsp-ratio,local,memory/scale-0.25,results/memory/scale-0.25/results.csv
ok,STAR,sil,tsp,kroA100,21282.000000,0.000000,52.337277,55.837904,1.06688592297,local-divided-by-medium-main-tsp-ratio,local,memory/scale-0.25,results/memory/scale-0.25/results.csv
ok,STAR,sil,tsp,kroA150,26524.000000,0.000000,67.716224,72.245486,1.06688592297,local-divided-by-medium-main-tsp-ratio,local,memory/scale-0.25,results/memory/scale-0.25/results.csv
ok,STAR,sil,tsp,kroA200,29368.000000,0.000000,44.638501,47.624188,1.06688592297,local-divided-by-medium-main-tsp-ratio,local,memory/scale-0.25,results/memory/scale-0.25/results.csv
ok,STAR,sil,tsp,kroB100,22141.000000,0.000000,38.611210,41.193756,1.06688592297,local-divided-by-medium-main-tsp-ratio,local,memory/scale-0.25,results/memory/scale-0.25/results.csv
ok,STAR,sil,tsp,kroB150,26132.000000,0.007654,52.475625,55.985506,1.06688592297,local-divided-by-medium-main-tsp-ratio,local,memory/scale-0.25,results/memory/scale-0.25/results.csv
ok,STAR,sil,tsp,kroB200,29452.000000,0.050956,39.508460,42.151020,1.06688592297,local-divided-by-medium-main-tsp-ratio,local,memory/scale-0.25,results/memory/scale-0.25/results.csv
ok,STAR,sil,tsp,kroC100,20749.000000,0.000000,52.015576,55.494686,1.06688592297,local-divided-by-medium-main-tsp-ratio,local,memory/scale-0.25,results/memory/scale-0.25/results.csv
ok,STAR,sil,tsp,kroD100,21294.000000,0.000000,50.912511,54.317841,1.06688592297,local-divided-by-medium-main-tsp-ratio,local,memory/scale-0.25,results/memory/scale-0.25/results.csv
ok,STAR,sil,tsp,kroE100,22121.000000,0.240167,45.185204,48.207458,1.06688592297,local-divided-by-medium-main-tsp-ratio,local,memory/scale-0.25,results/memory/scale-0.25/results.csv
ok,STAR,sil,tsp,lin105,14379.000000,0.000000,53.408750,56.981044,1.06688592297,local-divided-by-medium-main-tsp-ratio,local,memory/scale-0.25,results/memory/scale-0.25/results.csv
ok,STAR,sil,tsp,lin318,42245.000000,0.513931,35.528803,37.905180,1.06688592297,local-divided-by-medium-main-tsp-ratio,local,memory/scale-0.25,results/memory/scale-0.25/results.csv
ok,STAR,sil,tsp,p654,34794.000000,0.435874,39.736629,42.394450,1.06688592297,local-divided-by-medium-main-tsp-ratio,local,memory/scale-0.25,results/memory/scale-0.25/results.csv
ok,STAR,sil,tsp,pcb442,51505.000000,1.431722,60.038992,64.054755,1.06688592297,local-divided-by-medium-main-tsp-ratio,local,memory/scale-0.25,results/memory/scale-0.25/results.csv
ok,STAR,sil,tsp,pr107,44303.000000,0.000000,18.246941,19.467404,1.06688592297,local-divided-by-medium-main-tsp-ratio,local,memory/scale-0.25,results/memory/scale-0.25/results.csv
ok,STAR,sil,tsp,pr124,59030.000000,0.000000,40.825442,43.556089,1.06688592297,local-divided-by-medium-main-tsp-ratio,local,memory/scale-0.25,results/memory/scale-0.25/results.csv
ok,STAR,sil,tsp,pr136,96772.000000,0.000000,33.249934,35.473887,1.06688592297,local-divided-by-medium-main-tsp-ratio,local,memory/scale-0.25,results/memory/scale-0.25/results.csv
ok,STAR,sil,tsp,pr144,58537.000000,0.000000,64.180585,68.473363,1.06688592297,local-divided-by-medium-main-tsp-ratio,local,memory/scale-0.25,results/memory/scale-0.25/results.csv
ok,STAR,sil,tsp,pr152,73818.000000,0.184577,37.460605,39.966192,1.06688592297,local-divided-by-medium-main-tsp-ratio,local,memory/scale-0.25,results/memory/scale-0.25/results.csv
ok,STAR,sil,tsp,pr226,80369.000000,0.000000,65.692092,70.085968,1.06688592297,local-divided-by-medium-main-tsp-ratio,local,memory/scale-0.25,results/memory/scale-0.25/results.csv
ok,STAR,sil,tsp,pr264,49135.000000,0.000000,78.433999,83.680129,1.06688592297,local-divided-by-medium-main-tsp-ratio,local,memory/scale-0.25,results/memory/scale-0.25/results.csv
ok,STAR,sil,tsp,pr299,48224.000000,0.068478,44.903985,47.907430,1.06688592297,local-divided-by-medium-main-tsp-ratio,local,memory/scale-0.25,results/memory/scale-0.25/results.csv
ok,STAR,sil,tsp,pr439,109590.000000,2.213268,48.235233,51.461491,1.06688592297,local-divided-by-medium-main-tsp-ratio,local,memory/scale-0.25,results/memory/scale-0.25/results.csv
ok,STAR,sil,tsp,pr76,108159.000000,0.000000,39.936961,42.608181,1.06688592297,local-divided-by-medium-main-tsp-ratio,local,memory/scale-0.25,results/memory/scale-0.25/results.csv
ok,STAR,sil,tsp,rat195,2331.000000,0.344382,36.855431,39.320541,1.06688592297,local-divided-by-medium-main-tsp-ratio,local,memory/scale-0.25,results/memory/scale-0.25/results.csv
ok,STAR,sil,tsp,rat575,6843.000000,1.033515,42.352057,45.184813,1.06688592297,local-divided-by-medium-main-tsp-ratio,local,memory/scale-0.25,results/memory/scale-0.25/results.csv
ok,STAR,sil,tsp,rat783,8855.000000,0.556439,52.614765,56.133952,1.06688592297,local-divided-by-medium-main-tsp-ratio,local,memory/scale-0.25,results/memory/scale-0.25/results.csv
ok,STAR,sil,tsp,rat99,1211.000000,0.000000,46.750422,49.877367,1.06688592297,local-divided-by-medium-main-tsp-ratio,local,memory/scale-0.25,results/memory/scale-0.25/results.csv
ok,STAR,sil,tsp,rd100,7910.000000,0.000000,46.819018,49.950551,1.06688592297,local-divided-by-medium-main-tsp-ratio,local,memory/scale-0.25,results/memory/scale-0.25/results.csv
ok,STAR,sil,tsp,rd400,15343.000000,0.405733,42.938456,45.810434,1.06688592297,local-divided-by-medium-main-tsp-ratio,local,memory/scale-0.25,results/memory/scale-0.25/results.csv
ok,STAR,sil,tsp,st70,675.000000,0.000000,36.530146,38.973499,1.06688592297,local-divided-by-medium-main-tsp-ratio,local,memory/scale-0.25,results/memory/scale-0.25/results.csv
ok,STAR,sil,tsp,ts225,126643.000000,0.000000,28.652540,30.568992,1.06688592297,local-divided-by-medium-main-tsp-ratio,local,memory/scale-0.25,results/memory/scale-0.25/results.csv
ok,STAR,sil,tsp,tsp225,3916.000000,0.000000,49.195170,52.485634,1.06688592297,local-divided-by-medium-main-tsp-ratio,local,memory/scale-0.25,results/memory/scale-0.25/results.csv
ok,STAR,sil,tsp,u159,42080.000000,0.000000,80.836389,86.243205,1.06688592297,local-divided-by-medium-main-tsp-ratio,local,memory/scale-0.25,results/memory/scale-0.25/results.csv
ok,STAR,sil,tsp,u574,37437.000000,1.441539,40.344286,43.042751,1.06688592297,local-divided-by-medium-main-tsp-ratio,local,memory/scale-0.25,results/memory/scale-0.25/results.csv
ok,STAR,sil,tsp,u724,42294.000000,0.916249,49.097210,52.381122,1.06688592297,local-divided-by-medium-main-tsp-ratio,local,memory/scale-0.25,results/memory/scale-0.25/results.csv
ok,STAR,sil,tsp,bcl380,1628.000000,0.431832,49.523904,52.836356,1.06688592297,local-divided-by-medium-main-tsp-ratio,local,memory/scale-0.25,results/memory/scale-0.25/results.csv
ok,STAR,sil,tsp,dkg813,3225.000000,0.812754,55.040573,58.722013,1.06688592297,local-divided-by-medium-main-tsp-ratio,local,memory/scale-0.25,results/memory/scale-0.25/results.csv
ok,STAR,sil,tsp,lim963,2821.000000,1.147365,53.792369,57.390321,1.06688592297,local-divided-by-medium-main-tsp-ratio,local,memory/scale-0.25,results/memory/scale-0.25/results.csv
ok,STAR,sil,tsp,pbd984,2831.000000,1.215588,49.674751,52.997293,1.06688592297,local-divided-by-medium-main-tsp-ratio,local,memory/scale-0.25,results/memory/scale-0.25/results.csv
ok,STAR,sil,tsp,pbk411,1362.000000,1.414743,42.592842,45.441704,1.06688592297,local-divided-by-medium-main-tsp-ratio,local,memory/scale-0.25,results/memory/scale-0.25/results.csv
ok,STAR,sil,tsp,pbl395,1296.000000,1.170960,50.811822,54.210418,1.06688592297,local-divided-by-medium-main-tsp-ratio,local,memory/scale-0.25,results/memory/scale-0.25/results.csv
ok,STAR,sil,tsp,pbm436,1444.000000,0.069300,35.826400,38.222682,1.06688592297,local-divided-by-medium-main-tsp-ratio,local,memory/scale-0.25,results/memory/scale-0.25/results.csv
ok,STAR,sil,tsp,pbn423,1377.000000,0.879121,44.116265,47.067022,1.06688592297,local-divided-by-medium-main-tsp-ratio,local,memory/scale-0.25,results/memory/scale-0.25/results.csv
ok,STAR,sil,tsp,pka379,1334.000000,0.150150,70.601797,75.324063,1.06688592297,local-divided-by-medium-main-tsp-ratio,local,memory/scale-0.25,results/memory/scale-0.25/results.csv
ok,STAR,sil,tsp,pma343,1370.000000,0.146199,56.229019,59.989949,1.06688592297,local-divided-by-medium-main-tsp-ratio,local,memory/scale-0.25,results/memory/scale-0.25/results.csv
ok,STAR,sil,tsp,rbu737,3342.000000,0.844900,49.036708,52.316573,1.06688592297,local-divided-by-medium-main-tsp-ratio,local,memory/scale-0.25,results/memory/scale-0.25/results.csv
ok,STAR,sil,tsp,rbx711,3140.000000,0.802568,62.503840,66.684467,1.06688592297,local-divided-by-medium-main-tsp-ratio,local,memory/scale-0.25,results/memory/scale-0.25/results.csv
ok,STAR,sil,tsp,xqf131,564.000000,0.000000,34.672353,36.991445,1.06688592297,local-divided-by-medium-main-tsp-ratio,local,memory/scale-0.25,results/memory/scale-0.25/results.csv
ok,STAR,sil,tsp,xqg237,1024.000000,0.490677,46.382336,49.484661,1.06688592297,local-divided-by-medium-main-tsp-ratio,local,memory/scale-0.25,results/memory/scale-0.25/results.csv
ok,STAR,sil,tsp,xql662,2519.000000,0.238758,51.332991,54.766446,1.06688592297,local-divided-by-medium-main-tsp-ratio,local,memory/scale-0.25,results/memory/scale-0.25/results.csv
ok,STAR,sil,cvrp,X-n101-k25,28079.000000,1.768693,24.314023,35.013176,1.44004044689,local-divided-by-medium-main-cvrp-ratio,local,memory/scale-0.25,results/memory/scale-0.25/results.csv
ok,STAR,sil,cvrp,X-n106-k14,26418.000000,0.212427,24.670808,35.526961,1.44004044689,local-divided-by-medium-main-cvrp-ratio,local,memory/scale-0.25,results/memory/scale-0.25/results.csv
ok,STAR,sil,cvrp,X-n110-k13,15165.000000,1.295839,32.908237,47.389192,1.44004044689,local-divided-by-medium-main-cvrp-ratio,local,memory/scale-0.25,results/memory/scale-0.25/results.csv
ok,STAR,sil,cvrp,X-n115-k10,12758.000000,0.086295,50.290468,72.420308,1.44004044689,local-divided-by-medium-main-cvrp-ratio,local,memory/scale-0.25,results/memory/scale-0.25/results.csv
ok,STAR,sil,cvrp,X-n120-k6,13469.000000,1.027603,72.698504,104.688786,1.44004044689,local-divided-by-medium-main-cvrp-ratio,local,memory/scale-0.25,results/memory/scale-0.25/results.csv
ok,STAR,sil,cvrp,X-n125-k30,56412.000000,1.571868,27.895371,40.170463,1.44004044689,local-divided-by-medium-main-cvrp-ratio,local,memory/scale-0.25,results/memory/scale-0.25/results.csv
ok,STAR,sil,cvrp,X-n129-k18,29406.000000,1.610228,34.057075,49.043565,1.44004044689,local-divided-by-medium-main-cvrp-ratio,local,memory/scale-0.25,results/memory/scale-0.25/results.csv
ok,STAR,sil,cvrp,X-n134-k13,11038.000000,1.117626,39.656810,57.107410,1.44004044689,local-divided-by-medium-main-cvrp-ratio,local,memory/scale-0.25,results/memory/scale-0.25/results.csv
ok,STAR,sil,cvrp,X-n139-k10,13668.000000,0.573951,55.021578,79.233298,1.44004044689,local-divided-by-medium-main-cvrp-ratio,local,memory/scale-0.25,results/memory/scale-0.25/results.csv
ok,STAR,sil,cvrp,X-n143-k7,15958.000000,1.643312,76.091441,109.574753,1.44004044689,local-divided-by-medium-main-cvrp-ratio,local,memory/scale-0.25,results/memory/scale-0.25/results.csv
ok,STAR,sil,cvrp,X-n148-k46,44012.000000,1.298103,28.107822,40.476401,1.44004044689,local-divided-by-medium-main-cvrp-ratio,local,memory/scale-0.25,results/memory/scale-0.25/results.csv
ok,STAR,sil,cvrp,X-n153-k22,22174.000000,4.495759,41.843852,60.256839,1.44004044689,local-divided-by-medium-main-cvrp-ratio,local,memory/scale-0.25,results/memory/scale-0.25/results.csv
ok,STAR,sil,cvrp,X-n157-k13,16953.000000,0.456269,55.391028,79.765321,1.44004044689,local-divided-by-medium-main-cvrp-ratio,local,memory/scale-0.25,results/memory/scale-0.25/results.csv
ok,STAR,sil,cvrp,X-n162-k11,14215.000000,0.544631,62.304033,89.720328,1.44004044689,local-divided-by-medium-main-cvrp-ratio,local,memory/scale-0.25,results/memory/scale-0.25/results.csv
ok,STAR,sil,cvrp,X-n167-k10,21051.000000,2.403074,71.287740,102.657229,1.44004044689,local-divided-by-medium-main-cvrp-ratio,local,memory/scale-0.25,results/memory/scale-0.25/results.csv
ok,STAR,sil,cvrp,X-n172-k51,45834.000000,0.497731,32.637632,46.999510,1.44004044689,local-divided-by-medium-main-cvrp-ratio,local,memory/scale-0.25,results/memory/scale-0.25/results.csv
ok,STAR,sil,cvrp,X-n176-k26,48761.000000,1.984857,42.784957,61.612069,1.44004044689,local-divided-by-medium-main-cvrp-ratio,local,memory/scale-0.25,results/memory/scale-0.25/results.csv
ok,STAR,sil,cvrp,X-n181-k23,25666.000000,0.379366,36.303530,52.278551,1.44004044689,local-divided-by-medium-main-cvrp-ratio,local,memory/scale-0.25,results/memory/scale-0.25/results.csv
ok,STAR,sil,cvrp,X-n186-k15,24449.000000,1.259060,57.204490,82.376780,1.44004044689,local-divided-by-medium-main-cvrp-ratio,local,memory/scale-0.25,results/memory/scale-0.25/results.csv
ok,STAR,sil,cvrp,X-n190-k8,17320.000000,2.002356,68.943435,99.281335,1.44004044689,local-divided-by-medium-main-cvrp-ratio,local,memory/scale-0.25,results/memory/scale-0.25/results.csv
ok,STAR,sil,cvrp,X-n195-k51,44771.000000,1.234596,35.416656,51.001417,1.44004044689,local-divided-by-medium-main-cvrp-ratio,local,memory/scale-0.25,results/memory/scale-0.25/results.csv
ok,STAR,sil,cvrp,X-n200-k36,60013.000000,2.449725,36.634565,52.755256,1.44004044689,local-divided-by-medium-main-cvrp-ratio,local,memory/scale-0.25,results/memory/scale-0.25/results.csv
ok,STAR,sil,cvrp,X-n204-k19,19807.000000,1.236903,55.239493,79.547104,1.44004044689,local-divided-by-medium-main-cvrp-ratio,local,memory/scale-0.25,results/memory/scale-0.25/results.csv
ok,STAR,sil,cvrp,X-n209-k16,31294.000000,2.081159,60.309407,86.847985,1.44004044689,local-divided-by-medium-main-cvrp-ratio,local,memory/scale-0.25,results/memory/scale-0.25/results.csv
ok,STAR,sil,cvrp,X-n214-k11,11222.000000,3.371408,67.726206,97.528476,1.44004044689,local-divided-by-medium-main-cvrp-ratio,local,memory/scale-0.25,results/memory/scale-0.25/results.csv
ok,STAR,sil,cvrp,X-n219-k73,117713.000000,0.100344,37.418801,53.884587,1.44004044689,local-divided-by-medium-main-cvrp-ratio,local,memory/scale-0.25,results/memory/scale-0.25/results.csv
ok,STAR,sil,cvrp,X-n223-k34,41223.000000,1.943764,43.493292,62.632100,1.44004044689,local-divided-by-medium-main-cvrp-ratio,local,memory/scale-0.25,results/memory/scale-0.25/results.csv
ok,STAR,sil,cvrp,X-n228-k23,26112.000000,1.437340,52.473783,75.564370,1.44004044689,local-divided-by-medium-main-cvrp-ratio,local,memory/scale-0.25,results/memory/scale-0.25/results.csv
ok,STAR,sil,cvrp,X-n233-k16,19612.000000,1.986479,90.284881,130.013881,1.44004044689,local-divided-by-medium-main-cvrp-ratio,local,memory/scale-0.25,results/memory/scale-0.25/results.csv
ok,STAR,sil,cvrp,X-n237-k14,27459.000000,1.542046,85.112841,122.565934,1.44004044689,local-divided-by-medium-main-cvrp-ratio,local,memory/scale-0.25,results/memory/scale-0.25/results.csv
ok,STAR,sil,cvrp,X-n242-k48,84378.000000,1.966139,39.358538,56.677887,1.44004044689,local-divided-by-medium-main-cvrp-ratio,local,memory/scale-0.25,results/memory/scale-0.25/results.csv
ok,STAR,sil,cvrp,X-n247-k50,38069.000000,2.132854,44.078195,63.474383,1.44004044689,local-divided-by-medium-main-cvrp-ratio,local,memory/scale-0.25,results/memory/scale-0.25/results.csv
ok,STAR,sil,cvrp,X-n251-k28,39343.000000,1.703547,52.265814,75.264886,1.44004044689,local-divided-by-medium-main-cvrp-ratio,local,memory/scale-0.25,results/memory/scale-0.25/results.csv
ok,STAR,sil,cvrp,X-n256-k16,19013.000000,0.923616,90.639349,130.524329,1.44004044689,local-divided-by-medium-main-cvrp-ratio,local,memory/scale-0.25,results/memory/scale-0.25/results.csv
ok,STAR,sil,cvrp,X-n261-k13,27208.000000,2.447473,87.456766,125.941281,1.44004044689,local-divided-by-medium-main-cvrp-ratio,local,memory/scale-0.25,results/memory/scale-0.25/results.csv
ok,STAR,sil,cvrp,X-n266-k58,77208.000000,2.292059,46.057784,66.325072,1.44004044689,local-divided-by-medium-main-cvrp-ratio,local,memory/scale-0.25,results/memory/scale-0.25/results.csv
ok,STAR,sil,cvrp,X-n270-k35,35690.000000,1.130600,45.343426,65.296367,1.44004044689,local-divided-by-medium-main-cvrp-ratio,local,memory/scale-0.25,results/memory/scale-0.25/results.csv
ok,STAR,sil,cvrp,X-n275-k28,21542.000000,1.397976,58.957522,84.901217,1.44004044689,local-divided-by-medium-main-cvrp-ratio,local,memory/scale-0.25,results/memory/scale-0.25/results.csv
ok,STAR,sil,cvrp,X-n280-k17,34263.000000,2.268454,78.406466,112.908483,1.44004044689,local-divided-by-medium-main-cvrp-ratio,local,memory/scale-0.25,results/memory/scale-0.25/results.csv
ok,STAR,sil,cvrp,X-n284-k15,20975.000000,3.703154,88.343329,127.217967,1.44004044689,local-divided-by-medium-main-cvrp-ratio,local,memory/scale-0.25,results/memory/scale-0.25/results.csv
ok,STAR,sil,cvrp,X-n289-k60,97249.000000,2.204916,49.401971,71.140837,1.44004044689,local-divided-by-medium-main-cvrp-ratio,local,memory/scale-0.25,results/memory/scale-0.25/results.csv
ok,STAR,sil,cvrp,X-n294-k50,47922.000000,1.613621,47.641050,68.605039,1.44004044689,local-divided-by-medium-main-cvrp-ratio,local,memory/scale-0.25,results/memory/scale-0.25/results.csv
ok,STAR,sil,cvrp,X-n298-k31,34993.000000,2.226052,63.162922,90.957163,1.44004044689,local-divided-by-medium-main-cvrp-ratio,local,memory/scale-0.25,results/memory/scale-0.25/results.csv
ok,STAR,sil,cvrp,X-n303-k21,22193.000000,2.102503,79.409458,114.352831,1.44004044689,local-divided-by-medium-main-cvrp-ratio,local,memory/scale-0.25,results/memory/scale-0.25/results.csv
ok,STAR,sil,cvrp,X-n308-k13,26657.000000,3.085966,114.183075,164.428247,1.44004044689,local-divided-by-medium-main-cvrp-ratio,local,memory/scale-0.25,results/memory/scale-0.25/results.csv
ok,STAR,sil,cvrp,X-n313-k71,96020.000000,2.102230,51.458373,74.102139,1.44004044689,local-divided-by-medium-main-cvrp-ratio,local,memory/scale-0.25,results/memory/scale-0.25/results.csv
ok,STAR,sil,cvrp,X-n317-k53,78691.000000,0.428818,48.920697,70.447783,1.44004044689,local-divided-by-medium-main-cvrp-ratio,local,memory/scale-0.25,results/memory/scale-0.25/results.csv
ok,STAR,sil,cvrp,X-n322-k28,30497.000000,2.222297,79.669041,114.726642,1.44004044689,local-divided-by-medium-main-cvrp-ratio,local,memory/scale-0.25,results/memory/scale-0.25/results.csv
ok,STAR,sil,cvrp,X-n327-k20,28543.000000,3.672091,100.240134,144.349847,1.44004044689,local-divided-by-medium-main-cvrp-ratio,local,memory/scale-0.25,results/memory/scale-0.25/results.csv
ok,STAR,sil,cvrp,X-n331-k15,31804.000000,2.257090,136.781605,196.971043,1.44004044689,local-divided-by-medium-main-cvrp-ratio,local,memory/scale-0.25,results/memory/scale-0.25/results.csv
ok,STAR,sil,cvrp,X-n336-k84,142632.000000,2.531072,55.852999,80.430578,1.44004044689,local-divided-by-medium-main-cvrp-ratio,local,memory/scale-0.25,results/memory/scale-0.25/results.csv
ok,STAR,sil,cvrp,X-n344-k43,43290.000000,2.948870,58.167820,83.764013,1.44004044689,local-divided-by-medium-main-cvrp-ratio,local,memory/scale-0.25,results/memory/scale-0.25/results.csv
ok,STAR,sil,cvrp,X-n351-k40,26534.000000,2.463701,60.725371,87.446990,1.44004044689,local-divided-by-medium-main-cvrp-ratio,local,memory/scale-0.25,results/memory/scale-0.25/results.csv
ok,STAR,sil,cvrp,X-n359-k29,52740.000000,2.397825,74.073411,106.668708,1.44004044689,local-divided-by-medium-main-cvrp-ratio,local,memory/scale-0.25,results/memory/scale-0.25/results.csv
ok,STAR,sil,cvrp,X-n367-k17,23419.000000,2.651880,114.451162,164.814303,1.44004044689,local-divided-by-medium-main-cvrp-ratio,local,memory/scale-0.25,results/memory/scale-0.25/results.csv
ok,STAR,sil,cvrp,X-n376-k94,148331.000000,0.418379,58.370080,84.055276,1.44004044689,local-divided-by-medium-main-cvrp-ratio,local,memory/scale-0.25,results/memory/scale-0.25/results.csv
ok,STAR,sil,cvrp,X-n384-k52,67483.000000,2.340006,61.172014,88.090174,1.44004044689,local-divided-by-medium-main-cvrp-ratio,local,memory/scale-0.25,results/memory/scale-0.25/results.csv
ok,STAR,sil,cvrp,X-n393-k38,39106.000000,2.211187,78.976570,113.729455,1.44004044689,local-divided-by-medium-main-cvrp-ratio,local,memory/scale-0.25,results/memory/scale-0.25/results.csv
ok,STAR,sil,cvrp,X-n401-k29,67534.000000,2.086042,136.276214,196.243260,1.44004044689,local-divided-by-medium-main-cvrp-ratio,local,memory/scale-0.25,results/memory/scale-0.25/results.csv
ok,STAR,sil,cvrp,X-n411-k19,20317.000000,3.069196,122.931899,177.026907,1.44004044689,local-divided-by-medium-main-cvrp-ratio,local,memory/scale-0.25,results/memory/scale-0.25/results.csv
ok,STAR,sil,cvrp,X-n420-k130,109962.000000,2.007458,58.148808,83.736636,1.44004044689,local-divided-by-medium-main-cvrp-ratio,local,memory/scale-0.25,results/memory/scale-0.25/results.csv
ok,STAR,sil,cvrp,X-n429-k61,67181.000000,2.646335,67.113316,96.645890,1.44004044689,local-divided-by-medium-main-cvrp-ratio,local,memory/scale-0.25,results/memory/scale-0.25/results.csv
ok,STAR,sil,cvrp,X-n439-k37,36927.000000,1.472892,104.647009,150.695925,1.44004044689,local-divided-by-medium-main-cvrp-ratio,local,memory/scale-0.25,results/memory/scale-0.25/results.csv
ok,STAR,sil,cvrp,X-n449-k29,57130.000000,3.434541,98.459568,141.785761,1.44004044689,local-divided-by-medium-main-cvrp-ratio,local,memory/scale-0.25,results/memory/scale-0.25/results.csv
ok,STAR,sil,cvrp,X-n459-k26,24972.000000,3.450847,127.432574,183.508061,1.44004044689,local-divided-by-medium-main-cvrp-ratio,local,memory/scale-0.25,results/memory/scale-0.25/results.csv
ok,STAR,sil,cvrp,X-n469-k138,228024.000000,2.795009,72.621576,104.578007,1.44004044689,local-divided-by-medium-main-cvrp-ratio,local,memory/scale-0.25,results/memory/scale-0.25/results.csv
ok,STAR,sil,cvrp,X-n480-k70,91368.000000,2.145357,71.629601,103.149522,1.44004044689,local-divided-by-medium-main-cvrp-ratio,local,memory/scale-0.25,results/memory/scale-0.25/results.csv
ok,STAR,sil,cvrp,X-n491-k59,68377.000000,2.848849,80.720082,116.240183,1.44004044689,local-divided-by-medium-main-cvrp-ratio,local,memory/scale-0.25,results/memory/scale-0.25/results.csv
ok,STAR,sil,cvrp,X-n502-k39,69635.000000,0.590818,111.138439,160.043847,1.44004044689,local-divided-by-medium-main-cvrp-ratio,local,memory/scale-0.25,results/memory/scale-0.25/results.csv
ok,STAR,sil,cvrp,X-n513-k21,24782.000000,2.400727,181.363395,261.170624,1.44004044689,local-divided-by-medium-main-cvrp-ratio,local,memory/scale-0.25,results/memory/scale-0.25/results.csv
ok,STAR,sil,cvrp,X-n524-k153,158350.000000,2.430252,80.415095,115.800990,1.44004044689,local-divided-by-medium-main-cvrp-ratio,local,memory/scale-0.25,results/memory/scale-0.25/results.csv
ok,STAR,sil,cvrp,X-n536-k96,97285.000000,2.571537,89.273551,128.557524,1.44004044689,local-divided-by-medium-main-cvrp-ratio,local,memory/scale-0.25,results/memory/scale-0.25/results.csv
ok,STAR,sil,cvrp,X-n548-k50,87764.000000,1.227220,100.961346,145.388422,1.44004044689,local-divided-by-medium-main-cvrp-ratio,local,memory/scale-0.25,results/memory/scale-0.25/results.csv
ok,STAR,sil,cvrp,X-n561-k42,44224.000000,3.527869,120.896010,174.095144,1.44004044689,local-divided-by-medium-main-cvrp-ratio,local,memory/scale-0.25,results/memory/scale-0.25/results.csv
ok,STAR,sil,cvrp,X-n573-k30,51639.000000,1.906341,117.679215,169.462830,1.44004044689,local-divided-by-medium-main-cvrp-ratio,local,memory/scale-0.25,results/memory/scale-0.25/results.csv
ok,STAR,sil,cvrp,X-n586-k159,195321.000000,2.629837,83.969789,120.919892,1.44004044689,local-divided-by-medium-main-cvrp-ratio,local,memory/scale-0.25,results/memory/scale-0.25/results.csv
ok,STAR,sil,cvrp,X-n599-k92,111024.000000,2.372500,92.078692,132.597041,1.44004044689,local-divided-by-medium-main-cvrp-ratio,local,memory/scale-0.25,results/memory/scale-0.25/results.csv
ok,STAR,sil,cvrp,X-n613-k62,61850.000000,3.888469,103.589245,149.172703,1.44004044689,local-divided-by-medium-main-cvrp-ratio,local,memory/scale-0.25,results/memory/scale-0.25/results.csv
ok,STAR,sil,cvrp,X-n627-k43,63890.000000,2.776527,132.393975,190.652679,1.44004044689,local-divided-by-medium-main-cvrp-ratio,local,memory/scale-0.25,results/memory/scale-0.25/results.csv
ok,STAR,sil,cvrp,X-n641-k35,65648.000000,3.083977,168.482552,242.621690,1.44004044689,local-divided-by-medium-main-cvrp-ratio,local,memory/scale-0.25,results/memory/scale-0.25/results.csv
ok,STAR,sil,cvrp,X-n655-k131,107301.000000,0.487919,96.179387,138.502208,1.44004044689,local-divided-by-medium-main-cvrp-ratio,local,memory/scale-0.25,results/memory/scale-0.25/results.csv
ok,STAR,sil,cvrp,X-n670-k130,152967.000000,4.534210,115.249228,165.963550,1.44004044689,local-divided-by-medium-main-cvrp-ratio,local,memory/scale-0.25,results/memory/scale-0.25/results.csv
ok,STAR,sil,cvrp,X-n685-k75,69897.000000,2.480757,128.566129,185.140426,1.44004044689,local-divided-by-medium-main-cvrp-ratio,local,memory/scale-0.25,results/memory/scale-0.25/results.csv
ok,STAR,sil,cvrp,X-n701-k44,84945.000000,3.688830,146.779753,211.368781,1.44004044689,local-divided-by-medium-main-cvrp-ratio,local,memory/scale-0.25,results/memory/scale-0.25/results.csv
ok,STAR,sil,cvrp,X-n716-k35,44664.000000,2.976506,166.082932,239.166139,1.44004044689,local-divided-by-medium-main-cvrp-ratio,local,memory/scale-0.25,results/memory/scale-0.25/results.csv
ok,STAR,sil,cvrp,X-n733-k159,139004.000000,2.068479,101.972287,146.844218,1.44004044689,local-divided-by-medium-main-cvrp-ratio,local,memory/scale-0.25,results/memory/scale-0.25/results.csv
ok,STAR,sil,cvrp,X-n749-k98,79345.000000,2.686718,114.211550,164.469251,1.44004044689,local-divided-by-medium-main-cvrp-ratio,local,memory/scale-0.25,results/memory/scale-0.25/results.csv
ok,STAR,sil,cvrp,X-n766-k71,118260.000000,3.358767,143.340802,206.416552,1.44004044689,local-divided-by-medium-main-cvrp-ratio,local,memory/scale-0.25,results/memory/scale-0.25/results.csv
ok,STAR,sil,cvrp,X-n783-k48,75182.000000,3.862625,193.076752,278.038332,1.44004044689,local-divided-by-medium-main-cvrp-ratio,local,memory/scale-0.25,results/memory/scale-0.25/results.csv
ok,STAR,sil,cvrp,X-n801-k40,75142.000000,2.497579,214.372939,308.705703,1.44004044689,local-divided-by-medium-main-cvrp-ratio,local,memory/scale-0.25,results/memory/scale-0.25/results.csv
ok,STAR,sil,cvrp,X-n819-k171,162355.000000,2.677696,117.614960,169.370299,1.44004044689,local-divided-by-medium-main-cvrp-ratio,local,memory/scale-0.25,results/memory/scale-0.25/results.csv
ok,STAR,sil,cvrp,X-n837-k142,198643.000000,2.532299,119.789612,172.501887,1.44004044689,local-divided-by-medium-main-cvrp-ratio,local,memory/scale-0.25,results/memory/scale-0.25/results.csv
ok,STAR,sil,cvrp,X-n856-k95,90948.000000,2.228966,139.974829,201.569415,1.44004044689,local-divided-by-medium-main-cvrp-ratio,local,memory/scale-0.25,results/memory/scale-0.25/results.csv
ok,STAR,sil,cvrp,X-n876-k59,102232.000000,2.953705,160.721520,231.445489,1.44004044689,local-divided-by-medium-main-cvrp-ratio,local,memory/scale-0.25,results/memory/scale-0.25/results.csv
ok,STAR,sil,cvrp,X-n895-k37,56128.000000,4.210917,310.677365,447.387971,1.44004044689,local-divided-by-medium-main-cvrp-ratio,local,memory/scale-0.25,results/memory/scale-0.25/results.csv
ok,STAR,sil,cvrp,X-n916-k207,337675.000000,2.580967,136.243138,196.195630,1.44004044689,local-divided-by-medium-main-cvrp-ratio,local,memory/scale-0.25,results/memory/scale-0.25/results.csv
ok,STAR,sil,cvrp,X-n936-k151,140744.000000,6.049806,153.782519,221.453047,1.44004044689,local-divided-by-medium-main-cvrp-ratio,local,memory/scale-0.25,results/memory/scale-0.25/results.csv
ok,STAR,sil,cvrp,X-n957-k87,87343.000000,2.197391,180.295312,259.632541,1.44004044689,local-divided-by-medium-main-cvrp-ratio,local,memory/scale-0.25,results/memory/scale-0.25/results.csv
ok,STAR,sil,cvrp,X-n979-k58,122055.000000,2.587917,222.542596,320.470339,1.44004044689,local-divided-by-medium-main-cvrp-ratio,local,memory/scale-0.25,results/memory/scale-0.25/results.csv
ok,STAR,sil,tsp,dj38,6656.000000,0.000000,23.077255,24.620799,1.06688592297,local-divided-by-medium-main-tsp-ratio,local,memory/scale-0.5,results/memory/scale-0.5/results.csv
ok,STAR,sil,tsp,lu980,11424.000000,0.740741,34.715051,37.036999,1.06688592297,local-divided-by-medium-main-tsp-ratio,local,memory/scale-0.5,results/memory/scale-0.5/results.csv
ok,STAR,sil,tsp,qa194,9406.000000,0.577417,25.769014,27.492598,1.06688592297,local-divided-by-medium-main-tsp-ratio,local,memory/scale-0.5,results/memory/scale-0.5/results.csv
ok,STAR,sil,tsp,uy734,79923.000000,1.022575,45.402572,48.439365,1.06688592297,local-divided-by-medium-main-tsp-ratio,local,memory/scale-0.5,results/memory/scale-0.5/results.csv
ok,STAR,sil,tsp,wi29,27603.000000,0.000000,16.153312,17.233741,1.06688592297,local-divided-by-medium-main-tsp-ratio,local,memory/scale-0.5,results/memory/scale-0.5/results.csv
ok,STAR,sil,tsp,zi929,97028.000000,1.765169,52.019287,55.498645,1.06688592297,local-divided-by-medium-main-tsp-ratio,local,memory/scale-0.5,results/memory/scale-0.5/results.csv
ok,STAR,sil,tsp,a280,2600.000000,0.814269,40.364463,43.064277,1.06688592297,local-divided-by-medium-main-tsp-ratio,local,memory/scale-0.5,results/memory/scale-0.5/results.csv
ok,STAR,sil,tsp,berlin52,7542.000000,0.000000,30.236868,32.259289,1.06688592297,local-divided-by-medium-main-tsp-ratio,local,memory/scale-0.5,results/memory/scale-0.5/results.csv
ok,STAR,sil,tsp,bier127,118282.000000,0.000000,32.806651,35.000954,1.06688592297,local-divided-by-medium-main-tsp-ratio,local,memory/scale-0.5,results/memory/scale-0.5/results.csv
ok,STAR,sil,tsp,ch130,6155.000000,0.736498,34.240656,36.530874,1.06688592297,local-divided-by-medium-main-tsp-ratio,local,memory/scale-0.5,results/memory/scale-0.5/results.csv
ok,STAR,sil,tsp,ch150,6549.000000,0.321691,42.119934,44.937165,1.06688592297,local-divided-by-medium-main-tsp-ratio,local,memory/scale-0.5,results/memory/scale-0.5/results.csv
ok,STAR,sil,tsp,d198,15781.000000,0.006337,31.614164,33.728707,1.06688592297,local-divided-by-medium-main-tsp-ratio,local,memory/scale-0.5,results/memory/scale-0.5/results.csv
ok,STAR,sil,tsp,d493,35233.000000,0.659962,41.357573,44.123812,1.06688592297,local-divided-by-medium-main-tsp-ratio,local,memory/scale-0.5,results/memory/scale-0.5/results.csv
ok,STAR,sil,tsp,d657,49297.000000,0.787128,42.443943,45.282845,1.06688592297,local-divided-by-medium-main-tsp-ratio,local,memory/scale-0.5,results/memory/scale-0.5/results.csv
ok,STAR,sil,tsp,eil101,632.000000,0.476948,30.694897,32.747953,1.06688592297,local-divided-by-medium-main-tsp-ratio,local,memory/scale-0.5,results/memory/scale-0.5/results.csv
ok,STAR,sil,tsp,eil51,426.000000,0.000000,27.426750,29.261214,1.06688592297,local-divided-by-medium-main-tsp-ratio,local,memory/scale-0.5,results/memory/scale-0.5/results.csv
ok,STAR,sil,tsp,eil76,538.000000,0.000000,38.854190,41.452988,1.06688592297,local-divided-by-medium-main-tsp-ratio,local,memory/scale-0.5,results/memory/scale-0.5/results.csv
ok,STAR,sil,tsp,fl417,11870.000000,0.075879,45.827823,48.893059,1.06688592297,local-divided-by-medium-main-tsp-ratio,local,memory/scale-0.5,results/memory/scale-0.5/results.csv
ok,STAR,sil,tsp,gil262,2379.000000,0.042052,46.319742,49.417881,1.06688592297,local-divided-by-medium-main-tsp-ratio,local,memory/scale-0.5,results/memory/scale-0.5/results.csv
ok,STAR,sil,tsp,kroA100,21282.000000,0.000000,52.553742,56.068848,1.06688592297,local-divided-by-medium-main-tsp-ratio,local,memory/scale-0.5,results/memory/scale-0.5/results.csv
ok,STAR,sil,tsp,kroA150,26524.000000,0.000000,67.714802,72.243969,1.06688592297,local-divided-by-medium-main-tsp-ratio,local,memory/scale-0.5,results/memory/scale-0.5/results.csv
ok,STAR,sil,tsp,kroA200,29368.000000,0.000000,41.016965,43.760423,1.06688592297,local-divided-by-medium-main-tsp-ratio,local,memory/scale-0.5,results/memory/scale-0.5/results.csv
ok,STAR,sil,tsp,kroB100,22141.000000,0.000000,38.784476,41.378611,1.06688592297,local-divided-by-medium-main-tsp-ratio,local,memory/scale-0.5,results/memory/scale-0.5/results.csv
ok,STAR,sil,tsp,kroB150,26132.000000,0.007654,51.087425,54.504455,1.06688592297,local-divided-by-medium-main-tsp-ratio,local,memory/scale-0.5,results/memory/scale-0.5/results.csv
ok,STAR,sil,tsp,kroB200,29437.000000,0.000000,37.311276,39.806875,1.06688592297,local-divided-by-medium-main-tsp-ratio,local,memory/scale-0.5,results/memory/scale-0.5/results.csv
ok,STAR,sil,tsp,kroC100,20749.000000,0.000000,50.216592,53.575375,1.06688592297,local-divided-by-medium-main-tsp-ratio,local,memory/scale-0.5,results/memory/scale-0.5/results.csv
ok,STAR,sil,tsp,kroD100,21294.000000,0.000000,51.381508,54.818208,1.06688592297,local-divided-by-medium-main-tsp-ratio,local,memory/scale-0.5,results/memory/scale-0.5/results.csv
ok,STAR,sil,tsp,kroE100,22121.000000,0.240167,48.154889,51.375773,1.06688592297,local-divided-by-medium-main-tsp-ratio,local,memory/scale-0.5,results/memory/scale-0.5/results.csv
ok,STAR,sil,tsp,lin105,14379.000000,0.000000,54.717417,58.377242,1.06688592297,local-divided-by-medium-main-tsp-ratio,local,memory/scale-0.5,results/memory/scale-0.5/results.csv
ok,STAR,sil,tsp,lin318,42163.000000,0.318827,36.826632,39.289815,1.06688592297,local-divided-by-medium-main-tsp-ratio,local,memory/scale-0.5,results/memory/scale-0.5/results.csv
ok,STAR,sil,tsp,p654,35668.000000,2.958751,40.809447,43.539024,1.06688592297,local-divided-by-medium-main-tsp-ratio,local,memory/scale-0.5,results/memory/scale-0.5/results.csv
ok,STAR,sil,tsp,pcb442,51390.000000,1.205246,49.463648,52.772070,1.06688592297,local-divided-by-medium-main-tsp-ratio,local,memory/scale-0.5,results/memory/scale-0.5/results.csv
ok,STAR,sil,tsp,pr107,44522.000000,0.494323,18.189581,19.406208,1.06688592297,local-divided-by-medium-main-tsp-ratio,local,memory/scale-0.5,results/memory/scale-0.5/results.csv
ok,STAR,sil,tsp,pr124,59030.000000,0.000000,42.214775,45.038349,1.06688592297,local-divided-by-medium-main-tsp-ratio,local,memory/scale-0.5,results/memory/scale-0.5/results.csv
ok,STAR,sil,tsp,pr136,96772.000000,0.000000,33.608913,35.856876,1.06688592297,local-divided-by-medium-main-tsp-ratio,local,memory/scale-0.5,results/memory/scale-0.5/results.csv
ok,STAR,sil,tsp,pr144,58537.000000,0.000000,66.738139,71.201981,1.06688592297,local-divided-by-medium-main-tsp-ratio,local,memory/scale-0.5,results/memory/scale-0.5/results.csv
ok,STAR,sil,tsp,pr152,73818.000000,0.184577,37.621715,40.138078,1.06688592297,local-divided-by-medium-main-tsp-ratio,local,memory/scale-0.5,results/memory/scale-0.5/results.csv
ok,STAR,sil,tsp,pr226,80369.000000,0.000000,67.104353,71.592690,1.06688592297,local-divided-by-medium-main-tsp-ratio,local,memory/scale-0.5,results/memory/scale-0.5/results.csv
ok,STAR,sil,tsp,pr264,49135.000000,0.000000,85.893934,91.639029,1.06688592297,local-divided-by-medium-main-tsp-ratio,local,memory/scale-0.5,results/memory/scale-0.5/results.csv
ok,STAR,sil,tsp,pr299,48237.000000,0.095454,44.346334,47.312479,1.06688592297,local-divided-by-medium-main-tsp-ratio,local,memory/scale-0.5,results/memory/scale-0.5/results.csv
ok,STAR,sil,tsp,pr439,109796.000000,2.405402,47.651347,50.838551,1.06688592297,local-divided-by-medium-main-tsp-ratio,local,memory/scale-0.5,results/memory/scale-0.5/results.csv
ok,STAR,sil,tsp,pr76,108159.000000,0.000000,39.120033,41.736612,1.06688592297,local-divided-by-medium-main-tsp-ratio,local,memory/scale-0.5,results/memory/scale-0.5/results.csv
ok,STAR,sil,tsp,rat195,2329.000000,0.258287,37.526952,40.036977,1.06688592297,local-divided-by-medium-main-tsp-ratio,local,memory/scale-0.5,results/memory/scale-0.5/results.csv
ok,STAR,sil,tsp,rat575,6805.000000,0.472464,39.743468,42.401747,1.06688592297,local-divided-by-medium-main-tsp-ratio,local,memory/scale-0.5,results/memory/scale-0.5/results.csv
ok,STAR,sil,tsp,rat783,8900.000000,1.067454,45.642003,48.694810,1.06688592297,local-divided-by-medium-main-tsp-ratio,local,memory/scale-0.5,results/memory/scale-0.5/results.csv
ok,STAR,sil,tsp,rat99,1211.000000,0.000000,46.784009,49.913201,1.06688592297,local-divided-by-medium-main-tsp-ratio,local,memory/scale-0.5,results/memory/scale-0.5/results.csv
ok,STAR,sil,tsp,rd100,7910.000000,0.000000,44.164736,47.118735,1.06688592297,local-divided-by-medium-main-tsp-ratio,local,memory/scale-0.5,results/memory/scale-0.5/results.csv
ok,STAR,sil,tsp,rd400,15333.000000,0.340292,45.627502,48.679340,1.06688592297,local-divided-by-medium-main-tsp-ratio,local,memory/scale-0.5,results/memory/scale-0.5/results.csv
ok,STAR,sil,tsp,st70,675.000000,0.000000,36.909490,39.378215,1.06688592297,local-divided-by-medium-main-tsp-ratio,local,memory/scale-0.5,results/memory/scale-0.5/results.csv
ok,STAR,sil,tsp,ts225,126643.000000,0.000000,28.734575,30.656514,1.06688592297,local-divided-by-medium-main-tsp-ratio,local,memory/scale-0.5,results/memory/scale-0.5/results.csv
ok,STAR,sil,tsp,tsp225,3916.000000,0.000000,49.249376,52.543466,1.06688592297,local-divided-by-medium-main-tsp-ratio,local,memory/scale-0.5,results/memory/scale-0.5/results.csv
ok,STAR,sil,tsp,u159,42080.000000,0.000000,81.022558,86.441827,1.06688592297,local-divided-by-medium-main-tsp-ratio,local,memory/scale-0.5,results/memory/scale-0.5/results.csv
ok,STAR,sil,tsp,u574,37637.000000,1.983471,46.375097,49.476938,1.06688592297,local-divided-by-medium-main-tsp-ratio,local,memory/scale-0.5,results/memory/scale-0.5/results.csv
ok,STAR,sil,tsp,u724,42280.000000,0.882844,47.968963,51.177411,1.06688592297,local-divided-by-medium-main-tsp-ratio,local,memory/scale-0.5,results/memory/scale-0.5/results.csv
ok,STAR,sil,tsp,bcl380,1631.000000,0.616903,44.108720,47.058972,1.06688592297,local-divided-by-medium-main-tsp-ratio,local,memory/scale-0.5,results/memory/scale-0.5/results.csv
ok,STAR,sil,tsp,dkg813,3237.000000,1.187871,62.461370,66.639156,1.06688592297,local-divided-by-medium-main-tsp-ratio,local,memory/scale-0.5,results/memory/scale-0.5/results.csv
ok,STAR,sil,tsp,lim963,2807.000000,0.645393,59.276257,63.241004,1.06688592297,local-divided-by-medium-main-tsp-ratio,local,memory/scale-0.5,results/memory/scale-0.5/results.csv
ok,STAR,sil,tsp,pbd984,2840.000000,1.537361,49.788526,53.118677,1.06688592297,local-divided-by-medium-main-tsp-ratio,local,memory/scale-0.5,results/memory/scale-0.5/results.csv
ok,STAR,sil,tsp,pbk411,1359.000000,1.191363,42.587295,45.435786,1.06688592297,local-divided-by-medium-main-tsp-ratio,local,memory/scale-0.5,results/memory/scale-0.5/results.csv
ok,STAR,sil,tsp,pbl395,1295.000000,1.092896,49.691275,53.014922,1.06688592297,local-divided-by-medium-main-tsp-ratio,local,memory/scale-0.5,results/memory/scale-0.5/results.csv
ok,STAR,sil,tsp,pbm436,1443.000000,0.000000,36.855015,39.320097,1.06688592297,local-divided-by-medium-main-tsp-ratio,local,memory/scale-0.5,results/memory/scale-0.5/results.csv
ok,STAR,sil,tsp,pbn423,1383.000000,1.318681,39.115607,41.731890,1.06688592297,local-divided-by-medium-main-tsp-ratio,local,memory/scale-0.5,results/memory/scale-0.5/results.csv
ok,STAR,sil,tsp,pka379,1333.000000,0.075075,82.828527,88.368589,1.06688592297,local-divided-by-medium-main-tsp-ratio,local,memory/scale-0.5,results/memory/scale-0.5/results.csv
ok,STAR,sil,tsp,pma343,1368.000000,0.000000,56.792311,60.590917,1.06688592297,local-divided-by-medium-main-tsp-ratio,local,memory/scale-0.5,results/memory/scale-0.5/results.csv
ok,STAR,sil,tsp,rbu737,3338.000000,0.724200,49.287199,52.583819,1.06688592297,local-divided-by-medium-main-tsp-ratio,local,memory/scale-0.5,results/memory/scale-0.5/results.csv
ok,STAR,sil,tsp,rbx711,3149.000000,1.091493,58.975018,62.919616,1.06688592297,local-divided-by-medium-main-tsp-ratio,local,memory/scale-0.5,results/memory/scale-0.5/results.csv
ok,STAR,sil,tsp,xqf131,564.000000,0.000000,39.712729,42.368951,1.06688592297,local-divided-by-medium-main-tsp-ratio,local,memory/scale-0.5,results/memory/scale-0.5/results.csv
ok,STAR,sil,tsp,xqg237,1024.000000,0.490677,69.160851,73.786738,1.06688592297,local-divided-by-medium-main-tsp-ratio,local,memory/scale-0.5,results/memory/scale-0.5/results.csv
ok,STAR,sil,tsp,xql662,2536.000000,0.915241,46.884987,50.020933,1.06688592297,local-divided-by-medium-main-tsp-ratio,local,memory/scale-0.5,results/memory/scale-0.5/results.csv
ok,STAR,sil,cvrp,X-n101-k25,28100.000000,1.844804,25.013302,36.020167,1.44004044689,local-divided-by-medium-main-cvrp-ratio,local,memory/scale-0.5,results/memory/scale-0.5/results.csv
ok,STAR,sil,cvrp,X-n106-k14,26510.000000,0.561414,24.555354,35.360703,1.44004044689,local-divided-by-medium-main-cvrp-ratio,local,memory/scale-0.5,results/memory/scale-0.5/results.csv
ok,STAR,sil,cvrp,X-n110-k13,15152.000000,1.209004,32.228456,46.410280,1.44004044689,local-divided-by-medium-main-cvrp-ratio,local,memory/scale-0.5,results/memory/scale-0.5/results.csv
ok,STAR,sil,cvrp,X-n115-k10,12755.000000,0.062760,50.282139,72.408314,1.44004044689,local-divided-by-medium-main-cvrp-ratio,local,memory/scale-0.5,results/memory/scale-0.5/results.csv
ok,STAR,sil,cvrp,X-n120-k6,13522.000000,1.425143,73.366109,105.650164,1.44004044689,local-divided-by-medium-main-cvrp-ratio,local,memory/scale-0.5,results/memory/scale-0.5/results.csv
ok,STAR,sil,cvrp,X-n125-k30,56793.000000,2.257873,28.852925,41.549379,1.44004044689,local-divided-by-medium-main-cvrp-ratio,local,memory/scale-0.5,results/memory/scale-0.5/results.csv
ok,STAR,sil,cvrp,X-n129-k18,29640.000000,2.418798,33.068055,47.619337,1.44004044689,local-divided-by-medium-main-cvrp-ratio,local,memory/scale-0.5,results/memory/scale-0.5/results.csv
ok,STAR,sil,cvrp,X-n134-k13,11086.000000,1.557347,39.510128,56.896183,1.44004044689,local-divided-by-medium-main-cvrp-ratio,local,memory/scale-0.5,results/memory/scale-0.5/results.csv
ok,STAR,sil,cvrp,X-n139-k10,13645.000000,0.404709,54.067487,77.859368,1.44004044689,local-divided-by-medium-main-cvrp-ratio,local,memory/scale-0.5,results/memory/scale-0.5/results.csv
ok,STAR,sil,cvrp,X-n143-k7,15912.000000,1.350318,75.780292,109.126686,1.44004044689,local-divided-by-medium-main-cvrp-ratio,local,memory/scale-0.5,results/memory/scale-0.5/results.csv
ok,STAR,sil,cvrp,X-n148-k46,43802.000000,0.814767,27.838323,40.088311,1.44004044689,local-divided-by-medium-main-cvrp-ratio,local,memory/scale-0.5,results/memory/scale-0.5/results.csv
ok,STAR,sil,cvrp,X-n153-k22,22181.000000,4.528746,42.349842,60.985486,1.44004044689,local-divided-by-medium-main-cvrp-ratio,local,memory/scale-0.5,results/memory/scale-0.5/results.csv
ok,STAR,sil,cvrp,X-n157-k13,16978.000000,0.604409,54.718930,78.797472,1.44004044689,local-divided-by-medium-main-cvrp-ratio,local,memory/scale-0.5,results/memory/scale-0.5/results.csv
ok,STAR,sil,cvrp,X-n162-k11,14232.000000,0.664875,63.448289,91.368103,1.44004044689,local-divided-by-medium-main-cvrp-ratio,local,memory/scale-0.5,results/memory/scale-0.5/results.csv
ok,STAR,sil,cvrp,X-n167-k10,21122.000000,2.748456,70.036013,100.854692,1.44004044689,local-divided-by-medium-main-cvrp-ratio,local,memory/scale-0.5,results/memory/scale-0.5/results.csv
ok,STAR,sil,cvrp,X-n172-k51,45918.000000,0.681913,32.767436,47.186433,1.44004044689,local-divided-by-medium-main-cvrp-ratio,local,memory/scale-0.5,results/memory/scale-0.5/results.csv
ok,STAR,sil,cvrp,X-n176-k26,49005.000000,2.495189,43.042567,61.983038,1.44004044689,local-divided-by-medium-main-cvrp-ratio,local,memory/scale-0.5,results/memory/scale-0.5/results.csv
ok,STAR,sil,cvrp,X-n181-k23,25734.000000,0.645313,37.329570,53.756090,1.44004044689,local-divided-by-medium-main-cvrp-ratio,local,memory/scale-0.5,results/memory/scale-0.5/results.csv
ok,STAR,sil,cvrp,X-n186-k15,24441.000000,1.225927,56.796870,81.789790,1.44004044689,local-divided-by-medium-main-cvrp-ratio,local,memory/scale-0.5,results/memory/scale-0.5/results.csv
ok,STAR,sil,cvrp,X-n190-k8,17423.000000,2.608952,70.056498,100.884191,1.44004044689,local-divided-by-medium-main-cvrp-ratio,local,memory/scale-0.5,results/memory/scale-0.5/results.csv
ok,STAR,sil,cvrp,X-n195-k51,44664.000000,0.992651,35.589700,51.250608,1.44004044689,local-divided-by-medium-main-cvrp-ratio,local,memory/scale-0.5,results/memory/scale-0.5/results.csv
ok,STAR,sil,cvrp,X-n200-k36,60055.000000,2.521424,36.052959,51.917719,1.44004044689,local-divided-by-medium-main-cvrp-ratio,local,memory/scale-0.5,results/memory/scale-0.5/results.csv
ok,STAR,sil,cvrp,X-n204-k19,19836.000000,1.385127,56.743090,81.712344,1.44004044689,local-divided-by-medium-main-cvrp-ratio,local,memory/scale-0.5,results/memory/scale-0.5/results.csv
ok,STAR,sil,cvrp,X-n209-k16,31298.000000,2.094207,62.185491,89.549622,1.44004044689,local-divided-by-medium-main-cvrp-ratio,local,memory/scale-0.5,results/memory/scale-0.5/results.csv
ok,STAR,sil,cvrp,X-n214-k11,11225.000000,3.399042,67.484132,97.179879,1.44004044689,local-divided-by-medium-main-cvrp-ratio,local,memory/scale-0.5,results/memory/scale-0.5/results.csv
ok,STAR,sil,cvrp,X-n219-k73,117684.000000,0.075683,37.119684,53.453847,1.44004044689,local-divided-by-medium-main-cvrp-ratio,local,memory/scale-0.5,results/memory/scale-0.5/results.csv
ok,STAR,sil,cvrp,X-n223-k34,41152.000000,1.768183,42.846725,61.701017,1.44004044689,local-divided-by-medium-main-cvrp-ratio,local,memory/scale-0.5,results/memory/scale-0.5/results.csv
ok,STAR,sil,cvrp,X-n228-k23,26241.000000,1.938466,55.398852,79.776588,1.44004044689,local-divided-by-medium-main-cvrp-ratio,local,memory/scale-0.5,results/memory/scale-0.5/results.csv
ok,STAR,sil,cvrp,X-n233-k16,19748.000000,2.693708,95.383701,137.356388,1.44004044689,local-divided-by-medium-main-cvrp-ratio,local,memory/scale-0.5,results/memory/scale-0.5/results.csv
ok,STAR,sil,cvrp,X-n237-k14,27418.000000,1.390430,84.824658,122.150939,1.44004044689,local-divided-by-medium-main-cvrp-ratio,local,memory/scale-0.5,results/memory/scale-0.5/results.csv
ok,STAR,sil,cvrp,X-n242-k48,84054.000000,1.574603,38.724846,55.765344,1.44004044689,local-divided-by-medium-main-cvrp-ratio,local,memory/scale-0.5,results/memory/scale-0.5/results.csv
ok,STAR,sil,cvrp,X-n247-k50,38403.000000,3.028921,42.931955,61.823752,1.44004044689,local-divided-by-medium-main-cvrp-ratio,local,memory/scale-0.5,results/memory/scale-0.5/results.csv
ok,STAR,sil,cvrp,X-n251-k28,39446.000000,1.969807,51.045366,73.507391,1.44004044689,local-divided-by-medium-main-cvrp-ratio,local,memory/scale-0.5,results/memory/scale-0.5/results.csv
ok,STAR,sil,cvrp,X-n256-k16,19104.000000,1.406656,89.237011,128.504905,1.44004044689,local-divided-by-medium-main-cvrp-ratio,local,memory/scale-0.5,results/memory/scale-0.5/results.csv
ok,STAR,sil,cvrp,X-n261-k13,27140.000000,2.191430,86.011151,123.859537,1.44004044689,local-divided-by-medium-main-cvrp-ratio,local,memory/scale-0.5,results/memory/scale-0.5/results.csv
ok,STAR,sil,cvrp,X-n266-k58,76817.000000,1.774027,43.141758,62.125877,1.44004044689,local-divided-by-medium-main-cvrp-ratio,local,memory/scale-0.5,results/memory/scale-0.5/results.csv
ok,STAR,sil,cvrp,X-n270-k35,35898.000000,1.719985,44.421840,63.969247,1.44004044689,local-divided-by-medium-main-cvrp-ratio,local,memory/scale-0.5,results/memory/scale-0.5/results.csv
ok,STAR,sil,cvrp,X-n275-k28,21461.000000,1.016710,59.049783,85.034076,1.44004044689,local-divided-by-medium-main-cvrp-ratio,local,memory/scale-0.5,results/memory/scale-0.5/results.csv
ok,STAR,sil,cvrp,X-n280-k17,34709.000000,3.599678,82.415200,118.681221,1.44004044689,local-divided-by-medium-main-cvrp-ratio,local,memory/scale-0.5,results/memory/scale-0.5/results.csv
ok,STAR,sil,cvrp,X-n284-k15,20992.000000,3.787205,85.330425,122.879263,1.44004044689,local-divided-by-medium-main-cvrp-ratio,local,memory/scale-0.5,results/memory/scale-0.5/results.csv
ok,STAR,sil,cvrp,X-n289-k60,97725.000000,2.705174,50.163226,72.237075,1.44004044689,local-divided-by-medium-main-cvrp-ratio,local,memory/scale-0.5,results/memory/scale-0.5/results.csv
ok,STAR,sil,cvrp,X-n294-k50,47933.000000,1.636946,47.474285,68.364891,1.44004044689,local-divided-by-medium-main-cvrp-ratio,local,memory/scale-0.5,results/memory/scale-0.5/results.csv
ok,STAR,sil,cvrp,X-n298-k31,34762.000000,1.551225,65.189590,93.875647,1.44004044689,local-divided-by-medium-main-cvrp-ratio,local,memory/scale-0.5,results/memory/scale-0.5/results.csv
ok,STAR,sil,cvrp,X-n303-k21,22295.000000,2.571770,78.890449,113.605437,1.44004044689,local-divided-by-medium-main-cvrp-ratio,local,memory/scale-0.5,results/memory/scale-0.5/results.csv
ok,STAR,sil,cvrp,X-n308-k13,26575.000000,2.768862,114.015507,164.186942,1.44004044689,local-divided-by-medium-main-cvrp-ratio,local,memory/scale-0.5,results/memory/scale-0.5/results.csv
ok,STAR,sil,cvrp,X-n313-k71,96290.000000,2.389333,50.486086,72.702006,1.44004044689,local-divided-by-medium-main-cvrp-ratio,local,memory/scale-0.5,results/memory/scale-0.5/results.csv
ok,STAR,sil,cvrp,X-n317-k53,78679.000000,0.413503,48.608650,69.998422,1.44004044689,local-divided-by-medium-main-cvrp-ratio,local,memory/scale-0.5,results/memory/scale-0.5/results.csv
ok,STAR,sil,cvrp,X-n322-k28,30563.000000,2.443521,79.125312,113.943650,1.44004044689,local-divided-by-medium-main-cvrp-ratio,local,memory/scale-0.5,results/memory/scale-0.5/results.csv
ok,STAR,sil,cvrp,X-n327-k20,28072.000000,1.961354,102.919792,148.208663,1.44004044689,local-divided-by-medium-main-cvrp-ratio,local,memory/scale-0.5,results/memory/scale-0.5/results.csv
ok,STAR,sil,cvrp,X-n331-k15,31712.000000,1.961289,135.010654,194.420802,1.44004044689,local-divided-by-medium-main-cvrp-ratio,local,memory/scale-0.5,results/memory/scale-0.5/results.csv
ok,STAR,sil,cvrp,X-n336-k84,142742.000000,2.610146,55.479474,79.892686,1.44004044689,local-divided-by-medium-main-cvrp-ratio,local,memory/scale-0.5,results/memory/scale-0.5/results.csv
ok,STAR,sil,cvrp,X-n344-k43,42973.000000,2.195006,58.614239,84.406875,1.44004044689,local-divided-by-medium-main-cvrp-ratio,local,memory/scale-0.5,results/memory/scale-0.5/results.csv
ok,STAR,sil,cvrp,X-n351-k40,26555.000000,2.544795,58.102437,83.669860,1.44004044689,local-divided-by-medium-main-cvrp-ratio,local,memory/scale-0.5,results/memory/scale-0.5/results.csv
ok,STAR,sil,cvrp,X-n359-k29,53052.000000,3.003592,71.641488,103.166640,1.44004044689,local-divided-by-medium-main-cvrp-ratio,local,memory/scale-0.5,results/memory/scale-0.5/results.csv
ok,STAR,sil,cvrp,X-n367-k17,23477.000000,2.906110,124.552009,179.359931,1.44004044689,local-divided-by-medium-main-cvrp-ratio,local,memory/scale-0.5,results/memory/scale-0.5/results.csv
ok,STAR,sil,cvrp,X-n376-k94,148354.000000,0.433950,56.362255,81.163927,1.44004044689,local-divided-by-medium-main-cvrp-ratio,local,memory/scale-0.5,results/memory/scale-0.5/results.csv
ok,STAR,sil,cvrp,X-n384-k52,67620.000000,2.547771,60.271665,86.793635,1.44004044689,local-divided-by-medium-main-cvrp-ratio,local,memory/scale-0.5,results/memory/scale-0.5/results.csv
ok,STAR,sil,cvrp,X-n393-k38,39206.000000,2.472556,75.471163,108.681528,1.44004044689,local-divided-by-medium-main-cvrp-ratio,local,memory/scale-0.5,results/memory/scale-0.5/results.csv
ok,STAR,sil,cvrp,X-n401-k29,67440.000000,1.943949,142.171484,204.732688,1.44004044689,local-divided-by-medium-main-cvrp-ratio,local,memory/scale-0.5,results/memory/scale-0.5/results.csv
ok,STAR,sil,cvrp,X-n411-k19,20304.000000,3.003247,119.425849,171.978053,1.44004044689,local-divided-by-medium-main-cvrp-ratio,local,memory/scale-0.5,results/memory/scale-0.5/results.csv
ok,STAR,sil,cvrp,X-n420-k130,109906.000000,1.955509,57.800470,83.235014,1.44004044689,local-divided-by-medium-main-cvrp-ratio,local,memory/scale-0.5,results/memory/scale-0.5/results.csv
ok,STAR,sil,cvrp,X-n429-k61,67018.000000,2.397286,66.257392,95.413324,1.44004044689,local-divided-by-medium-main-cvrp-ratio,local,memory/scale-0.5,results/memory/scale-0.5/results.csv
ok,STAR,sil,cvrp,X-n439-k37,36953.000000,1.544338,104.912194,151.077803,1.44004044689,local-divided-by-medium-main-cvrp-ratio,local,memory/scale-0.5,results/memory/scale-0.5/results.csv
ok,STAR,sil,cvrp,X-n449-k29,57390.000000,3.905274,97.791504,140.823721,1.44004044689,local-divided-by-medium-main-cvrp-ratio,local,memory/scale-0.5,results/memory/scale-0.5/results.csv
ok,STAR,sil,cvrp,X-n459-k26,24929.000000,3.272712,130.425349,187.817778,1.44004044689,local-divided-by-medium-main-cvrp-ratio,local,memory/scale-0.5,results/memory/scale-0.5/results.csv
ok,STAR,sil,cvrp,X-n469-k138,228885.000000,3.183154,73.792043,106.263527,1.44004044689,local-divided-by-medium-main-cvrp-ratio,local,memory/scale-0.5,results/memory/scale-0.5/results.csv
ok,STAR,sil,cvrp,X-n480-k70,91314.000000,2.084987,70.882685,102.073934,1.44004044689,local-divided-by-medium-main-cvrp-ratio,local,memory/scale-0.5,results/memory/scale-0.5/results.csv
ok,STAR,sil,cvrp,X-n491-k59,68193.000000,2.572086,78.418156,112.925317,1.44004044689,local-divided-by-medium-main-cvrp-ratio,local,memory/scale-0.5,results/memory/scale-0.5/results.csv
ok,STAR,sil,cvrp,X-n502-k39,69688.000000,0.667379,111.801387,160.998519,1.44004044689,local-divided-by-medium-main-cvrp-ratio,local,memory/scale-0.5,results/memory/scale-0.5/results.csv
ok,STAR,sil,cvrp,X-n513-k21,25059.000000,3.545308,190.739682,274.672857,1.44004044689,local-divided-by-medium-main-cvrp-ratio,local,memory/scale-0.5,results/memory/scale-0.5/results.csv
ok,STAR,sil,cvrp,X-n524-k153,157870.000000,2.119760,79.054632,113.841867,1.44004044689,local-divided-by-medium-main-cvrp-ratio,local,memory/scale-0.5,results/memory/scale-0.5/results.csv
ok,STAR,sil,cvrp,X-n536-k96,97712.000000,3.021741,88.540973,127.502583,1.44004044689,local-divided-by-medium-main-cvrp-ratio,local,memory/scale-0.5,results/memory/scale-0.5/results.csv
ok,STAR,sil,cvrp,X-n548-k50,87921.000000,1.408304,101.380426,145.991914,1.44004044689,local-divided-by-medium-main-cvrp-ratio,local,memory/scale-0.5,results/memory/scale-0.5/results.csv
ok,STAR,sil,cvrp,X-n561-k42,43845.000000,2.640635,121.079698,174.359663,1.44004044689,local-divided-by-medium-main-cvrp-ratio,local,memory/scale-0.5,results/memory/scale-0.5/results.csv
ok,STAR,sil,cvrp,X-n573-k30,51747.000000,2.119472,116.042191,167.105449,1.44004044689,local-divided-by-medium-main-cvrp-ratio,local,memory/scale-0.5,results/memory/scale-0.5/results.csv
ok,STAR,sil,cvrp,X-n586-k159,195831.000000,2.897812,83.263980,119.903499,1.44004044689,local-divided-by-medium-main-cvrp-ratio,local,memory/scale-0.5,results/memory/scale-0.5/results.csv
ok,STAR,sil,cvrp,X-n599-k92,111406.000000,2.724733,90.488915,130.307698,1.44004044689,local-divided-by-medium-main-cvrp-ratio,local,memory/scale-0.5,results/memory/scale-0.5/results.csv
ok,STAR,sil,cvrp,X-n613-k62,61685.000000,3.611321,108.603417,156.393313,1.44004044689,local-divided-by-medium-main-cvrp-ratio,local,memory/scale-0.5,results/memory/scale-0.5/results.csv
ok,STAR,sil,cvrp,X-n627-k43,63932.000000,2.844090,127.349676,183.388684,1.44004044689,local-divided-by-medium-main-cvrp-ratio,local,memory/scale-0.5,results/memory/scale-0.5/results.csv
ok,STAR,sil,cvrp,X-n641-k35,65494.000000,2.842158,169.489682,244.071997,1.44004044689,local-divided-by-medium-main-cvrp-ratio,local,memory/scale-0.5,results/memory/scale-0.5/results.csv
ok,STAR,sil,cvrp,X-n655-k131,107553.000000,0.723918,96.326190,138.713609,1.44004044689,local-divided-by-medium-main-cvrp-ratio,local,memory/scale-0.5,results/memory/scale-0.5/results.csv
ok,STAR,sil,cvrp,X-n670-k130,152018.000000,3.885685,114.825343,165.353138,1.44004044689,local-divided-by-medium-main-cvrp-ratio,local,memory/scale-0.5,results/memory/scale-0.5/results.csv
ok,STAR,sil,cvrp,X-n685-k75,70086.000000,2.757862,130.267096,187.589887,1.44004044689,local-divided-by-medium-main-cvrp-ratio,local,memory/scale-0.5,results/memory/scale-0.5/results.csv
ok,STAR,sil,cvrp,X-n701-k44,84240.000000,2.828266,150.442127,216.642748,1.44004044689,local-divided-by-medium-main-cvrp-ratio,local,memory/scale-0.5,results/memory/scale-0.5/results.csv
ok,STAR,sil,cvrp,X-n716-k35,45258.000000,4.346022,155.170908,223.452384,1.44004044689,local-divided-by-medium-main-cvrp-ratio,local,memory/scale-0.5,results/memory/scale-0.5/results.csv
ok,STAR,sil,cvrp,X-n733-k159,139043.000000,2.097116,102.929382,148.222473,1.44004044689,local-divided-by-medium-main-cvrp-ratio,local,memory/scale-0.5,results/memory/scale-0.5/results.csv
ok,STAR,sil,cvrp,X-n749-k98,79730.000000,3.184977,111.176099,160.098079,1.44004044689,local-divided-by-medium-main-cvrp-ratio,local,memory/scale-0.5,results/memory/scale-0.5/results.csv
ok,STAR,sil,cvrp,X-n766-k71,118822.000000,3.849952,147.617865,212.575696,1.44004044689,local-divided-by-medium-main-cvrp-ratio,local,memory/scale-0.5,results/memory/scale-0.5/results.csv
ok,STAR,sil,cvrp,X-n783-k48,75343.000000,4.085044,188.962765,272.114024,1.44004044689,local-divided-by-medium-main-cvrp-ratio,local,memory/scale-0.5,results/memory/scale-0.5/results.csv
ok,STAR,sil,cvrp,X-n801-k40,75202.000000,2.579422,219.843978,316.584220,1.44004044689,local-divided-by-medium-main-cvrp-ratio,local,memory/scale-0.5,results/memory/scale-0.5/results.csv
ok,STAR,sil,cvrp,X-n819-k171,163132.000000,3.169092,115.771127,166.715105,1.44004044689,local-divided-by-medium-main-cvrp-ratio,local,memory/scale-0.5,results/memory/scale-0.5/results.csv
ok,STAR,sil,cvrp,X-n837-k142,198384.000000,2.398613,118.711832,170.949839,1.44004044689,local-divided-by-medium-main-cvrp-ratio,local,memory/scale-0.5,results/memory/scale-0.5/results.csv
ok,STAR,sil,cvrp,X-n856-k95,90635.000000,1.877143,138.805355,199.885325,1.44004044689,local-divided-by-medium-main-cvrp-ratio,local,memory/scale-0.5,results/memory/scale-0.5/results.csv
ok,STAR,sil,cvrp,X-n876-k59,102037.000000,2.757329,155.484305,223.903688,1.44004044689,local-divided-by-medium-main-cvrp-ratio,local,memory/scale-0.5,results/memory/scale-0.5/results.csv
ok,STAR,sil,cvrp,X-n895-k37,56300.000000,4.530264,300.455442,432.667989,1.44004044689,local-divided-by-medium-main-cvrp-ratio,local,memory/scale-0.5,results/memory/scale-0.5/results.csv
ok,STAR,sil,cvrp,X-n916-k207,337776.000000,2.611649,137.296517,197.712537,1.44004044689,local-divided-by-medium-main-cvrp-ratio,local,memory/scale-0.5,results/memory/scale-0.5/results.csv
ok,STAR,sil,cvrp,X-n936-k151,140247.000000,5.675319,149.952764,215.938046,1.44004044689,local-divided-by-medium-main-cvrp-ratio,local,memory/scale-0.5,results/memory/scale-0.5/results.csv
ok,STAR,sil,cvrp,X-n957-k87,87099.000000,1.911894,176.886509,254.723728,1.44004044689,local-divided-by-medium-main-cvrp-ratio,local,memory/scale-0.5,results/memory/scale-0.5/results.csv
ok,STAR,sil,cvrp,X-n979-k58,122174.000000,2.687937,222.391154,320.252257,1.44004044689,local-divided-by-medium-main-cvrp-ratio,local,memory/scale-0.5,results/memory/scale-0.5/results.csv
ok,STAR,nearest,cvrp,X-n101-k25,36797.000000,33.365953,0.015239,0.021945,1.44004044689,local-divided-by-medium-main-cvrp-ratio,local,no-refine-smoke-cvrp,results/no-refine-smoke-cvrp/results.csv
ok,STAR,nearest,tsp,wi29,32164,16.523566,0.001978,0.002110,1.06688592297,local-divided-by-medium-main-tsp-ratio,local,no-refine-smoke-tsp,results/no-refine-smoke-tsp/results.csv
ok,STAR,nearest,tsp,wi29,27603.000000,0.000000,0.053312,0.056878,1.06688592297,local-divided-by-medium-main-tsp-ratio,local,progress-smoke,results/progress-smoke/results.csv
ok,STAR,sil,cvrp,X-n101-k25,29259.000000,6.045450,5.784108,8.329350,1.44004044689,local-divided-by-medium-main-cvrp-ratio,local,testrun,results/testrun/results.csv
ok,STAR,sil,cvrp,X-n106-k14,27438.000000,4.081633,6.983725,10.056846,1.44004044689,local-divided-by-medium-main-cvrp-ratio,local,testrun,results/testrun/results.csv
ok,STAR,sil,cvrp,X-n110-k13,15936.000000,6.445795,6.040566,8.698660,1.44004044689,local-divided-by-medium-main-cvrp-ratio,local,testrun,results/testrun/results.csv
ok,STAR,sil,cvrp,X-n115-k10,14164.000000,11.116341,6.181357,8.901404,1.44004044689,local-divided-by-medium-main-cvrp-ratio,local,testrun,results/testrun/results.csv
ok,STAR,sil,cvrp,X-n120-k6,14028.000000,5.220522,8.916375,12.839940,1.44004044689,local-divided-by-medium-main-cvrp-ratio,local,testrun,results/testrun/results.csv
ok,STAR,sil,cvrp,X-n125-k30,59499.000000,7.130125,5.524525,7.955539,1.44004044689,local-divided-by-medium-main-cvrp-ratio,local,testrun,results/testrun/results.csv
ok,STAR,sil,cvrp,X-n129-k18,31171.000000,7.709053,8.718892,12.555557,1.44004044689,local-divided-by-medium-main-cvrp-ratio,local,testrun,results/testrun/results.csv
ok,STAR,sil,cvrp,X-n134-k13,11309.000000,3.600220,7.616371,10.967883,1.44004044689,local-divided-by-medium-main-cvrp-ratio,local,testrun,results/testrun/results.csv
ok,STAR,sil,cvrp,X-n139-k10,15338.000000,12.862399,7.718333,11.114711,1.44004044689,local-divided-by-medium-main-cvrp-ratio,local,testrun,results/testrun/results.csv
ok,STAR,sil,cvrp,X-n143-k7,17004.000000,8.305732,9.531032,13.725071,1.44004044689,local-divided-by-medium-main-cvrp-ratio,local,testrun,results/testrun/results.csv
ok,STAR,sil,cvrp,X-n148-k46,45469.000000,4.651537,9.426714,13.574850,1.44004044689,local-divided-by-medium-main-cvrp-ratio,local,testrun,results/testrun/results.csv
ok,STAR,sil,cvrp,X-n153-k22,22833.000000,7.601320,8.698349,12.525974,1.44004044689,local-divided-by-medium-main-cvrp-ratio,local,testrun,results/testrun/results.csv
ok,STAR,sil,cvrp,X-n157-k13,17610.000000,4.349372,8.753835,12.605877,1.44004044689,local-divided-by-medium-main-cvrp-ratio,local,testrun,results/testrun/results.csv
ok,STAR,sil,cvrp,X-n162-k11,15374.000000,8.742396,9.536082,13.732344,1.44004044689,local-divided-by-medium-main-cvrp-ratio,local,testrun,results/testrun/results.csv
ok,STAR,sil,cvrp,X-n167-k10,21952.000000,6.786010,10.909573,15.710227,1.44004044689,local-divided-by-medium-main-cvrp-ratio,local,testrun,results/testrun/results.csv
